# -*- coding: utf-8 -*-,,,,,,,,,,,,,
,,,,,,,,,,,,,
# A datafile created by Gustav!,,,,,,,,,,,,,
# ,,,,,,,,,,,,,
# Experiment: fNIRSandGerbils,,,,,,,,,,,,,
# ,,,,,,,,,,,,,
# Vocoded speech in spatially-separated speech or noise maskers.,,,,,,,,,,,,,
# ,,,,,,,,,,,,,
# $comments,,,,,,,,,,,,,
# ,,,,,,,,,,,,,
,,,,,,,,,,,,,
S,Trial,Date,Block,Condition,masker,Soundfile,Ear,Times,,,,,
test2,1,3/1/2023,1,2,unscrambled,C:\Users\benri\Documents\GitHub\fNIRSandGerbils\stim\s_test2\unscrambled\10_unscrambled.wav,b,4.138,5.917,6.755,,,
test2,2,3/1/2023,2,1,scrambled,C:\Users\benri\Documents\GitHub\fNIRSandGerbils\stim\s_test2\scrambled\13_scrambled.wav,b,3.291,3.897,5.662,6.515,,
test3,1,3/1/2023,1,2,unscrambled,C:\Users\benri\Documents\GitHub\fNIRSandGerbils\stim\s_test3\unscrambled\11_unscrambled.wav,b,3.143,5.961,,,,
test3,2,3/1/2023,2,1,scrambled,C:\Users\benri\Documents\GitHub\fNIRSandGerbils\stim\s_test3\scrambled\10_scrambled.wav,b,2.07,5.17,6.21,,,
test3,3,3/1/2023,3,2,unscrambled,C:\Users\benri\Documents\GitHub\fNIRSandGerbils\stim\s_test3\unscrambled\12_unscrambled.wav,b,3.491,6.007,,,,
test3,1,3/1/2023,1,1,scrambled,C:\Users\benri\Documents\GitHub\fNIRSandGerbils\stim\s_test3\scrambled\10_scrambled.wav,b,2.774,3.768,5.306,,,
test3,2,3/1/2023,2,2,unscrambled,C:\Users\benri\Documents\GitHub\fNIRSandGerbils\stim\s_test3\unscrambled\11_unscrambled.wav,b,2.914,5.929,,,,
test3,3,3/1/2023,3,1,scrambled,C:\Users\benri\Documents\GitHub\fNIRSandGerbils\stim\s_test3\scrambled\16_scrambled.wav,b,2.057,2.971,4.581,5.721,,
test3,4,3/1/2023,4,2,unscrambled,C:\Users\benri\Documents\GitHub\fNIRSandGerbils\stim\s_test3\unscrambled\12_unscrambled.wav,b,3.371,4.05,6.417,,,
test3,1,3/1/2023,1,2,unscrambled,C:\Users\benri\Documents\GitHub\fNIRSandGerbils\stim\s_test3\unscrambled\11_unscrambled.wav,b,2.98,5.888,,,,
test3,1,3/3/2023,1,2,unscrambled,C:\Users\benri\Documents\GitHub\fNIRSandGerbils\stim\s_test3\unscrambled\11_unscrambled.wav,b,2.984,5.904,,,,
test3,2,3/3/2023,2,1,scrambled,C:\Users\benri\Documents\GitHub\fNIRSandGerbils\stim\s_test3\scrambled\10_scrambled.wav,b,5.199,6.033,,,,
test3,1,3/3/2023,1,1,scrambled,C:\Users\benri\Documents\GitHub\fNIRSandGerbils\stim\s_test3\scrambled\10_scrambled.wav,b,1.833,5.276,6.047,,,
test3,2,3/3/2023,2,2,unscrambled,C:\Users\benri\Documents\GitHub\fNIRSandGerbils\stim\s_test3\unscrambled\11_unscrambled.wav,b,3.058,5.958,,,,
bentest,1,3/15/2023,1,1,scrambled,C:\Users\benri\Documents\GitHub\fNIRSandGerbils\stim\s_bentest\scrambled\13_scrambled.wav,b,2.83,3.151,4.551,,,
bentest,2,3/15/2023,2,2,unscrambled,C:\Users\benri\Documents\GitHub\fNIRSandGerbils\stim\s_bentest\unscrambled\10_unscrambled.wav,b,2.801,4.371,5.091,,,
bentest,3,3/15/2023,3,1,scrambled,C:\Users\benri\Documents\GitHub\fNIRSandGerbils\stim\s_bentest\scrambled\14_scrambled.wav,b,0.712,1.751,2.471,4.732,,
bentest,4,3/15/2023,4,2,unscrambled,C:\Users\benri\Documents\GitHub\fNIRSandGerbils\stim\s_bentest\unscrambled\11_unscrambled.wav,b,2.7,4.98,5.36,6.27,,
bentest,5,3/15/2023,5,1,scrambled,C:\Users\benri\Documents\GitHub\fNIRSandGerbils\stim\s_bentest\scrambled\15_scrambled.wav,b,1.091,2.751,5.876,,,
bentest,6,3/15/2023,6,2,unscrambled,C:\Users\benri\Documents\GitHub\fNIRSandGerbils\stim\s_bentest\unscrambled\12_unscrambled.wav,b,1.362,2.381,3.381,5.301,,
bentest,7,3/15/2023,7,1,scrambled,C:\Users\benri\Documents\GitHub\fNIRSandGerbils\stim\s_bentest\scrambled\20_scrambled.wav,b,0.692,1.162,1.952,2.971,5.361,
bentest,8,3/15/2023,8,2,unscrambled,C:\Users\benri\Documents\GitHub\fNIRSandGerbils\stim\s_bentest\unscrambled\16_unscrambled.wav,b,1.652,2.272,3.072,4.162,5.972,
bentest,9,3/15/2023,9,1,scrambled,C:\Users\benri\Documents\GitHub\fNIRSandGerbils\stim\s_bentest\scrambled\21_scrambled.wav,b,1.322,3.152,5.137,5.852,,
bentest,10,3/15/2023,10,2,unscrambled,C:\Users\benri\Documents\GitHub\fNIRSandGerbils\stim\s_bentest\unscrambled\17_unscrambled.wav,b,1.621,2.341,3.781,5.191,,
bentest,11,3/15/2023,11,1,scrambled,C:\Users\benri\Documents\GitHub\fNIRSandGerbils\stim\s_bentest\scrambled\22_scrambled.wav,b,2.45,3.551,4.571,6.131,,
bentest,12,3/15/2023,12,2,unscrambled,C:\Users\benri\Documents\GitHub\fNIRSandGerbils\stim\s_bentest\unscrambled\18_unscrambled.wav,b,2.251,3.691,5.301,,,
bentest,13,3/15/2023,13,1,scrambled,C:\Users\benri\Documents\GitHub\fNIRSandGerbils\stim\s_bentest\scrambled\23_scrambled.wav,b,1.161,2.831,5.991,,,
bentest,14,3/15/2023,14,2,unscrambled,C:\Users\benri\Documents\GitHub\fNIRSandGerbils\stim\s_bentest\unscrambled\19_unscrambled.wav,b,1.742,4.372,,,,
bentest,15,3/15/2023,15,1,scrambled,C:\Users\benri\Documents\GitHub\fNIRSandGerbils\stim\s_bentest\scrambled\26_scrambled.wav,b,1.071,1.541,2.571,3.831,,
bentest,16,3/15/2023,16,2,unscrambled,C:\Users\benri\Documents\GitHub\fNIRSandGerbils\stim\s_bentest\unscrambled\1_unscrambled.wav,b,1.801,3.531,4.531,6.131,,
bentest,17,3/15/2023,17,1,scrambled,C:\Users\benri\Documents\GitHub\fNIRSandGerbils\stim\s_bentest\scrambled\27_scrambled.wav,b,0.951,1.481,2.031,3.041,5.141,
bentest,18,3/15/2023,18,2,unscrambled,C:\Users\benri\Documents\GitHub\fNIRSandGerbils\stim\s_bentest\unscrambled\24_unscrambled.wav,b,1.091,1.811,4.331,5.92,,
bentest,19,3/15/2023,19,1,scrambled,C:\Users\benri\Documents\GitHub\fNIRSandGerbils\stim\s_bentest\scrambled\28_scrambled.wav,b,1.432,2.422,3.602,3.912,6.612,
bentest,20,3/15/2023,20,2,unscrambled,C:\Users\benri\Documents\GitHub\fNIRSandGerbils\stim\s_bentest\unscrambled\25_unscrambled.wav,b,1.671,2.471,3.271,3.731,,
bentest,21,3/15/2023,21,1,scrambled,C:\Users\benri\Documents\GitHub\fNIRSandGerbils\stim\s_bentest\scrambled\29_scrambled.wav,b,0.791,1.732,5.142,,,
bentest,22,3/15/2023,22,2,unscrambled,C:\Users\benri\Documents\GitHub\fNIRSandGerbils\stim\s_bentest\unscrambled\2_unscrambled.wav,b,2.322,3.892,5.232,,,
bentest,23,3/15/2023,23,1,scrambled,C:\Users\benri\Documents\GitHub\fNIRSandGerbils\stim\s_bentest\scrambled\33_scrambled.wav,b,1.33,2.751,3.831,5.771,,
bentest,24,3/15/2023,24,2,unscrambled,C:\Users\benri\Documents\GitHub\fNIRSandGerbils\stim\s_bentest\unscrambled\30_unscrambled.wav,b,1.742,2.762,4.632,5.762,,
bentest,25,3/15/2023,25,1,scrambled,C:\Users\benri\Documents\GitHub\fNIRSandGerbils\stim\s_bentest\scrambled\34_scrambled.wav,b,0.851,2.186,4.991,,,
bentest,26,3/15/2023,26,2,unscrambled,C:\Users\benri\Documents\GitHub\fNIRSandGerbils\stim\s_bentest\unscrambled\31_unscrambled.wav,b,1.972,2.672,3.671,6.436,,
bentest,27,3/15/2023,27,1,scrambled,C:\Users\benri\Documents\GitHub\fNIRSandGerbils\stim\s_bentest\scrambled\35_scrambled.wav,b,0.859,1.162,2.832,4.172,,
bentest,28,3/15/2023,28,2,unscrambled,C:\Users\benri\Documents\GitHub\fNIRSandGerbils\stim\s_bentest\unscrambled\32_unscrambled.wav,b,2.41,3.03,5.98,,,
bentest,29,3/15/2023,29,1,scrambled,C:\Users\benri\Documents\GitHub\fNIRSandGerbils\stim\s_bentest\scrambled\37_scrambled.wav,b,2.071,4.531,5.621,,,
bentest,30,3/15/2023,30,2,unscrambled,C:\Users\benri\Documents\GitHub\fNIRSandGerbils\stim\s_bentest\unscrambled\36_unscrambled.wav,b,4.217,6.111,,,,
bentest,31,3/15/2023,31,1,scrambled,C:\Users\benri\Documents\GitHub\fNIRSandGerbils\stim\s_bentest\scrambled\3_scrambled.wav,b,1.391,1.756,2.151,5.351,,
bentest,32,3/15/2023,32,2,unscrambled,C:\Users\benri\Documents\GitHub\fNIRSandGerbils\stim\s_bentest\unscrambled\38_unscrambled.wav,b,3.26,4.28,4.916,,,
bentest,33,3/15/2023,33,1,scrambled,C:\Users\benri\Documents\GitHub\fNIRSandGerbils\stim\s_bentest\scrambled\43_scrambled.wav,b,2.196,3.212,5.991,,,
bentest,34,3/15/2023,34,2,unscrambled,C:\Users\benri\Documents\GitHub\fNIRSandGerbils\stim\s_bentest\unscrambled\39_unscrambled.wav,b,2.042,3.632,,,,
bentest,35,3/15/2023,35,1,scrambled,C:\Users\benri\Documents\GitHub\fNIRSandGerbils\stim\s_bentest\scrambled\44_scrambled.wav,b,2.407,3.911,5.172,6.192,,
bentest,36,3/15/2023,36,2,unscrambled,C:\Users\benri\Documents\GitHub\fNIRSandGerbils\stim\s_bentest\unscrambled\40_unscrambled.wav,b,2.376,3.231,4.8,,,
bentest,37,3/15/2023,37,1,scrambled,C:\Users\benri\Documents\GitHub\fNIRSandGerbils\stim\s_bentest\scrambled\45_scrambled.wav,b,0.871,1.801,4.832,5.371,,
bentest,38,3/15/2023,38,2,unscrambled,C:\Users\benri\Documents\GitHub\fNIRSandGerbils\stim\s_bentest\unscrambled\41_unscrambled.wav,b,1.551,2.031,4.411,6.218,,
bentest,39,3/15/2023,39,1,scrambled,C:\Users\benri\Documents\GitHub\fNIRSandGerbils\stim\s_bentest\scrambled\47_scrambled.wav,b,1.803,2.023,2.822,4.41,5.923,
bentest,40,3/15/2023,40,2,unscrambled,C:\Users\benri\Documents\GitHub\fNIRSandGerbils\stim\s_bentest\unscrambled\42_unscrambled.wav,b,3.481,4.112,5.192,,,
bentest,41,3/15/2023,41,1,scrambled,C:\Users\benri\Documents\GitHub\fNIRSandGerbils\stim\s_bentest\scrambled\48_scrambled.wav,b,1.561,3.172,3.881,,,
bentest,42,3/15/2023,42,2,unscrambled,C:\Users\benri\Documents\GitHub\fNIRSandGerbils\stim\s_bentest\unscrambled\46_unscrambled.wav,b,2.631,3.416,,,,
bentest,43,3/15/2023,43,1,scrambled,C:\Users\benri\Documents\GitHub\fNIRSandGerbils\stim\s_bentest\scrambled\5_scrambled.wav,b,1.021,5.381,5.971,,,
bentest,44,3/15/2023,44,2,unscrambled,C:\Users\benri\Documents\GitHub\fNIRSandGerbils\stim\s_bentest\unscrambled\4_unscrambled.wav,b,5.701,,,,,
bentest,45,3/15/2023,45,1,scrambled,C:\Users\benri\Documents\GitHub\fNIRSandGerbils\stim\s_bentest\scrambled\8_scrambled.wav,b,2.871,3.812,5.411,6.181,,
bentest,46,3/15/2023,46,2,unscrambled,C:\Users\benri\Documents\GitHub\fNIRSandGerbils\stim\s_bentest\unscrambled\6_unscrambled.wav,b,2.191,3.141,4.218,4.811,5.511,6.141
bentest,47,3/15/2023,47,1,scrambled,C:\Users\benri\Documents\GitHub\fNIRSandGerbils\stim\s_bentest\scrambled\9_scrambled.wav,b,2.272,4.151,5.178,6.117,,
bentest,48,3/15/2023,48,2,unscrambled,C:\Users\benri\Documents\GitHub\fNIRSandGerbils\stim\s_bentest\unscrambled\7_unscrambled.wav,b,2.581,3.531,4.536,5.171,6.132,
victoriatest,1,3/15/2023,1,1,scrambled,C:\Users\benri\Documents\GitHub\fNIRSandGerbils\stim\s_victoriatest\scrambled\12_scrambled.wav,b,1.441,4.161,4.78,4.981,5.041,6.606
victoriatest,2,3/15/2023,2,2,unscrambled,C:\Users\benri\Documents\GitHub\fNIRSandGerbils\stim\s_victoriatest\unscrambled\10_unscrambled.wav,b,1.571,2.442,3.401,4.491,5.671,
victoriatest,3,3/15/2023,3,1,scrambled,C:\Users\benri\Documents\GitHub\fNIRSandGerbils\stim\s_victoriatest\scrambled\14_scrambled.wav,b,1.111,1.911,3.911,,,
victoriatest,4,3/15/2023,4,2,unscrambled,C:\Users\benri\Documents\GitHub\fNIRSandGerbils\stim\s_victoriatest\unscrambled\11_unscrambled.wav,b,0.754,2.148,2.995,3.912,4.747,
victoriatest,5,3/15/2023,5,1,scrambled,C:\Users\benri\Documents\GitHub\fNIRSandGerbils\stim\s_victoriatest\scrambled\15_scrambled.wav,b,0.754,1.824,3.364,4.355,,
victoriatest,6,3/15/2023,6,2,unscrambled,C:\Users\benri\Documents\GitHub\fNIRSandGerbils\stim\s_victoriatest\unscrambled\13_unscrambled.wav,b,0.986,2.449,3.827,5.973,,
victoriatest,7,3/15/2023,7,1,scrambled,C:\Users\benri\Documents\GitHub\fNIRSandGerbils\stim\s_victoriatest\scrambled\16_scrambled.wav,b,0.93,1.611,2.294,4.449,,
victoriatest,8,3/15/2023,8,2,unscrambled,C:\Users\benri\Documents\GitHub\fNIRSandGerbils\stim\s_victoriatest\unscrambled\17_unscrambled.wav,b,2.778,5.557,,,,
victoriatest,9,3/15/2023,9,1,scrambled,C:\Users\benri\Documents\GitHub\fNIRSandGerbils\stim\s_victoriatest\scrambled\21_scrambled.wav,b,2.303,,,,,
victoriatest,10,3/15/2023,10,2,unscrambled,C:\Users\benri\Documents\GitHub\fNIRSandGerbils\stim\s_victoriatest\unscrambled\18_unscrambled.wav,b,0.682,1.286,1.888,3.952,,
victoriatest,11,3/15/2023,11,1,scrambled,C:\Users\benri\Documents\GitHub\fNIRSandGerbils\stim\s_victoriatest\scrambled\22_scrambled.wav,b,1.142,1.823,2.893,4.133,4.972,
victoriatest,12,3/15/2023,12,2,unscrambled,C:\Users\benri\Documents\GitHub\fNIRSandGerbils\stim\s_victoriatest\unscrambled\19_unscrambled.wav,b,0.681,2.366,5.527,,,
victoriatest,13,3/15/2023,13,1,scrambled,C:\Users\benri\Documents\GitHub\fNIRSandGerbils\stim\s_victoriatest\scrambled\26_scrambled.wav,b,0.908,1.668,2.503,,,
victoriatest,14,3/15/2023,14,2,unscrambled,C:\Users\benri\Documents\GitHub\fNIRSandGerbils\stim\s_victoriatest\unscrambled\1_unscrambled.wav,b,1.219,1.992,4.474,,,
victoriatest,15,3/15/2023,15,1,scrambled,C:\Users\benri\Documents\GitHub\fNIRSandGerbils\stim\s_victoriatest\scrambled\2_scrambled.wav,b,0.839,1.984,,,,
victoriatest,16,3/15/2023,16,2,unscrambled,C:\Users\benri\Documents\GitHub\fNIRSandGerbils\stim\s_victoriatest\unscrambled\20_unscrambled.wav,b,0.523,2.603,4.384,,,
victoriatest,17,3/15/2023,17,1,scrambled,C:\Users\benri\Documents\GitHub\fNIRSandGerbils\stim\s_victoriatest\scrambled\30_scrambled.wav,b,0.61,1.217,2.596,4.287,,
victoriatest,18,3/15/2023,18,2,unscrambled,C:\Users\benri\Documents\GitHub\fNIRSandGerbils\stim\s_victoriatest\unscrambled\23_unscrambled.wav,b,1.068,3.384,5.165,,,
victoriatest,19,3/15/2023,19,1,scrambled,C:\Users\benri\Documents\GitHub\fNIRSandGerbils\stim\s_victoriatest\scrambled\33_scrambled.wav,b,1.533,3.918,4.602,5.456,,
victoriatest,20,3/15/2023,20,2,unscrambled,C:\Users\benri\Documents\GitHub\fNIRSandGerbils\stim\s_victoriatest\unscrambled\24_unscrambled.wav,b,4.399,5.082,6.306,,,
victoriatest,21,3/15/2023,21,1,scrambled,C:\Users\benri\Documents\GitHub\fNIRSandGerbils\stim\s_victoriatest\scrambled\35_scrambled.wav,b,1.697,3.019,5.399,,,
victoriatest,22,3/15/2023,22,2,unscrambled,C:\Users\benri\Documents\GitHub\fNIRSandGerbils\stim\s_victoriatest\unscrambled\25_unscrambled.wav,b,2.767,3.368,3.818,5.11,,
victoriatest,23,3/15/2023,23,1,scrambled,C:\Users\benri\Documents\GitHub\fNIRSandGerbils\stim\s_victoriatest\scrambled\36_scrambled.wav,b,1.927,3.391,3.761,4.92,,
victoriatest,24,3/15/2023,24,2,unscrambled,C:\Users\benri\Documents\GitHub\fNIRSandGerbils\stim\s_victoriatest\unscrambled\27_unscrambled.wav,b,0.823,1.347,3.58,4.337,,
victoriatest,25,3/15/2023,25,1,scrambled,C:\Users\benri\Documents\GitHub\fNIRSandGerbils\stim\s_victoriatest\scrambled\39_scrambled.wav,b,1.305,4.078,5.457,,,
victoriatest,26,3/15/2023,26,2,unscrambled,C:\Users\benri\Documents\GitHub\fNIRSandGerbils\stim\s_victoriatest\unscrambled\28_unscrambled.wav,b,0.671,2.608,3.756,,,
victoriatest,27,3/15/2023,27,1,scrambled,C:\Users\benri\Documents\GitHub\fNIRSandGerbils\stim\s_victoriatest\scrambled\3_scrambled.wav,b,0.832,1.826,,,,
victoriatest,28,3/15/2023,28,2,unscrambled,C:\Users\benri\Documents\GitHub\fNIRSandGerbils\stim\s_victoriatest\unscrambled\29_unscrambled.wav,b,0.751,1.9,2.893,3.812,4.963,
victoriatest,29,3/15/2023,29,1,scrambled,C:\Users\benri\Documents\GitHub\fNIRSandGerbils\stim\s_victoriatest\scrambled\40_scrambled.wav,b,2.554,4.01,5.62,,,
victoriatest,30,3/15/2023,30,2,unscrambled,C:\Users\benri\Documents\GitHub\fNIRSandGerbils\stim\s_victoriatest\unscrambled\31_unscrambled.wav,b,2.298,3.061,3.666,5.209,6.045,
victoriatest,31,3/15/2023,31,1,scrambled,C:\Users\benri\Documents\GitHub\fNIRSandGerbils\stim\s_victoriatest\scrambled\41_scrambled.wav,b,0.831,1.28,5.287,,,
victoriatest,32,3/15/2023,32,2,unscrambled,C:\Users\benri\Documents\GitHub\fNIRSandGerbils\stim\s_victoriatest\unscrambled\32_unscrambled.wav,b,1.066,1.76,3.223,,,
victoriatest,33,3/15/2023,33,1,scrambled,C:\Users\benri\Documents\GitHub\fNIRSandGerbils\stim\s_victoriatest\scrambled\42_scrambled.wav,b,0.9,3.595,,,,
victoriatest,34,3/15/2023,34,2,unscrambled,C:\Users\benri\Documents\GitHub\fNIRSandGerbils\stim\s_victoriatest\unscrambled\34_unscrambled.wav,b,0.529,1.917,2.987,4.453,,
victoriatest,35,3/15/2023,35,1,scrambled,C:\Users\benri\Documents\GitHub\fNIRSandGerbils\stim\s_victoriatest\scrambled\44_scrambled.wav,b,1.148,1.597,2.048,,,
victoriatest,36,3/15/2023,36,2,unscrambled,C:\Users\benri\Documents\GitHub\fNIRSandGerbils\stim\s_victoriatest\unscrambled\37_unscrambled.wav,b,1.291,2.277,5.728,,,
victoriatest,37,3/15/2023,37,1,scrambled,C:\Users\benri\Documents\GitHub\fNIRSandGerbils\stim\s_victoriatest\scrambled\46_scrambled.wav,b,0.903,1.976,2.583,,,
victoriatest,38,3/15/2023,38,2,unscrambled,C:\Users\benri\Documents\GitHub\fNIRSandGerbils\stim\s_victoriatest\unscrambled\38_unscrambled.wav,b,1.911,3.232,4.691,,,
victoriatest,39,3/15/2023,39,1,scrambled,C:\Users\benri\Documents\GitHub\fNIRSandGerbils\stim\s_victoriatest\scrambled\47_scrambled.wav,b,1.365,1.891,3.507,4.503,,
victoriatest,40,3/15/2023,40,2,unscrambled,C:\Users\benri\Documents\GitHub\fNIRSandGerbils\stim\s_victoriatest\unscrambled\43_unscrambled.wav,b,1.678,3.151,4.922,5.682,,
victoriatest,41,3/15/2023,41,1,scrambled,C:\Users\benri\Documents\GitHub\fNIRSandGerbils\stim\s_victoriatest\scrambled\48_scrambled.wav,b,1.53,2.293,3.756,5.306,,
victoriatest,42,3/15/2023,42,2,unscrambled,C:\Users\benri\Documents\GitHub\fNIRSandGerbils\stim\s_victoriatest\unscrambled\45_unscrambled.wav,b,1.137,2.688,4.302,4.917,,
victoriatest,43,3/15/2023,43,1,scrambled,C:\Users\benri\Documents\GitHub\fNIRSandGerbils\stim\s_victoriatest\scrambled\4_scrambled.wav,b,1.517,2.345,2.946,4.315,,
victoriatest,44,3/15/2023,44,2,unscrambled,C:\Users\benri\Documents\GitHub\fNIRSandGerbils\stim\s_victoriatest\unscrambled\6_unscrambled.wav,b,1.983,3.136,4.35,6.168,,
victoriatest,45,3/15/2023,45,1,scrambled,C:\Users\benri\Documents\GitHub\fNIRSandGerbils\stim\s_victoriatest\scrambled\5_scrambled.wav,b,0.754,2.747,3.513,4.508,,
victoriatest,46,3/15/2023,46,2,unscrambled,C:\Users\benri\Documents\GitHub\fNIRSandGerbils\stim\s_victoriatest\unscrambled\7_unscrambled.wav,b,1.616,2.686,3.848,,,
victoriatest,47,3/15/2023,47,1,scrambled,C:\Users\benri\Documents\GitHub\fNIRSandGerbils\stim\s_victoriatest\scrambled\8_scrambled.wav,b,1.922,3.933,4.785,,,
victoriatest,48,3/15/2023,48,2,unscrambled,C:\Users\benri\Documents\GitHub\fNIRSandGerbils\stim\s_victoriatest\unscrambled\9_unscrambled.wav,b,0.52,3.681,5.598,,,
emayatest,1,2023-03-28,1,1,scrambled,C:\Users\benri\Documents\GitHub\fNIRSandGerbils\stim\s_emayatest\scrambled\10_scrambled.wav,l,2.305,4.149
emayatest,2,2023-03-28,2,2,unscrambled,C:\Users\benri\Documents\GitHub\fNIRSandGerbils\stim\s_emayatest\unscrambled\13_unscrambled.wav,b,3.089,4.148,5.662
emayatest,3,2023-03-28,3,1,scrambled,C:\Users\benri\Documents\GitHub\fNIRSandGerbils\stim\s_emayatest\scrambled\11_scrambled.wav,b,2.784,3.156,4.99
emayatest,4,2023-03-28,4,2,unscrambled,C:\Users\benri\Documents\GitHub\fNIRSandGerbils\stim\s_emayatest\unscrambled\14_unscrambled.wav,b,0.989,4.212,4.736
emayatest,5,2023-03-28,5,1,scrambled,C:\Users\benri\Documents\GitHub\fNIRSandGerbils\stim\s_emayatest\scrambled\12_scrambled.wav,b,1.84,3.217,5.45
emayatest,6,2023-03-28,6,2,unscrambled,C:\Users\benri\Documents\GitHub\fNIRSandGerbils\stim\s_emayatest\unscrambled\18_unscrambled.wav,b,1.603,2.13,3.124,4.428,5.5
emayatest,7,2023-03-28,7,1,scrambled,C:\Users\benri\Documents\GitHub\fNIRSandGerbils\stim\s_emayatest\scrambled\15_scrambled.wav,b,2.528,3.671,4.587
emayatest,8,2023-03-28,8,2,unscrambled,C:\Users\benri\Documents\GitHub\fNIRSandGerbils\stim\s_emayatest\unscrambled\19_unscrambled.wav,b,0.762,4.242,5.39
emayatest,9,2023-03-28,9,1,scrambled,C:\Users\benri\Documents\GitHub\fNIRSandGerbils\stim\s_emayatest\scrambled\16_scrambled.wav,b,0.853,2.915,4.829
emayatest,10,2023-03-28,10,2,unscrambled,C:\Users\benri\Documents\GitHub\fNIRSandGerbils\stim\s_emayatest\unscrambled\21_unscrambled.wav,b,0.924,1.525,2.145,3.366,4.358,5.581
emayatest,11,2023-03-28,11,1,scrambled,C:\Users\benri\Documents\GitHub\fNIRSandGerbils\stim\s_emayatest\scrambled\17_scrambled.wav,b,0.917,1.598,3.597
emayatest,12,2023-03-28,12,2,unscrambled,C:\Users\benri\Documents\GitHub\fNIRSandGerbils\stim\s_emayatest\unscrambled\24_unscrambled.wav,b,2.619,4.377,5.053
emayatest,13,2023-03-28,13,1,scrambled,C:\Users\benri\Documents\GitHub\fNIRSandGerbils\stim\s_emayatest\scrambled\1_scrambled.wav,b,0.826,1.056,3.354,5.34
emayatest,14,2023-03-28,14,2,unscrambled,C:\Users\benri\Documents\GitHub\fNIRSandGerbils\stim\s_emayatest\unscrambled\25_unscrambled.wav,b,2.83,3.356,5.115
emayatest,15,2023-03-28,15,1,scrambled,C:\Users\benri\Documents\GitHub\fNIRSandGerbils\stim\s_emayatest\scrambled\20_scrambled.wav,b,0.981,2.127,3.19,5.119
emayatest,16,2023-03-28,16,2,unscrambled,C:\Users\benri\Documents\GitHub\fNIRSandGerbils\stim\s_emayatest\unscrambled\27_unscrambled.wav,b,0.983,1.74,3.039,4.724,6.268
emayatest,17,2023-03-28,17,1,scrambled,C:\Users\benri\Documents\GitHub\fNIRSandGerbils\stim\s_emayatest\scrambled\22_scrambled.wav,b,1.238,2.307,3.684,5.059
emayatest,18,2023-03-28,18,2,unscrambled,C:\Users\benri\Documents\GitHub\fNIRSandGerbils\stim\s_emayatest\unscrambled\29_unscrambled.wav,b,0.972,2.036,2.713,4.083
emayatest,19,2023-03-28,19,1,scrambled,C:\Users\benri\Documents\GitHub\fNIRSandGerbils\stim\s_emayatest\scrambled\23_scrambled.wav,b,0.752,1.435
emayatest,20,2023-03-28,20,2,unscrambled,C:\Users\benri\Documents\GitHub\fNIRSandGerbils\stim\s_emayatest\unscrambled\2_unscrambled.wav,b,2.085,3.85
emayatest,21,2023-03-28,21,1,scrambled,C:\Users\benri\Documents\GitHub\fNIRSandGerbils\stim\s_emayatest\scrambled\26_scrambled.wav,b,1.683,2.997,3.847,4.857
emayatest,22,2023-03-28,22,2,unscrambled,C:\Users\benri\Documents\GitHub\fNIRSandGerbils\stim\s_emayatest\unscrambled\30_unscrambled.wav,b,0.777,2.31,3.3,4.287
emayatest,23,2023-03-28,23,1,scrambled,C:\Users\benri\Documents\GitHub\fNIRSandGerbils\stim\s_emayatest\scrambled\28_scrambled.wav,b,0.682,1.596,3.206,3.579,5.112
emayatest,24,2023-03-28,24,2,unscrambled,C:\Users\benri\Documents\GitHub\fNIRSandGerbils\stim\s_emayatest\unscrambled\34_unscrambled.wav,b,0.593,2.119,3.122
emayatest,25,2023-03-28,25,1,scrambled,C:\Users\benri\Documents\GitHub\fNIRSandGerbils\stim\s_emayatest\scrambled\31_scrambled.wav,b,0.75,4.522
emayatest,26,2023-03-28,26,2,unscrambled,C:\Users\benri\Documents\GitHub\fNIRSandGerbils\stim\s_emayatest\unscrambled\38_unscrambled.wav,b,0.53,2.914,4.069,5.599
emayatest,27,2023-03-28,27,1,scrambled,C:\Users\benri\Documents\GitHub\fNIRSandGerbils\stim\s_emayatest\scrambled\32_scrambled.wav,b,3.939
emayatest,28,2023-03-28,28,2,unscrambled,C:\Users\benri\Documents\GitHub\fNIRSandGerbils\stim\s_emayatest\unscrambled\39_unscrambled.wav,b,1.517,2.817,3.575
emayatest,29,2023-03-28,29,1,scrambled,C:\Users\benri\Documents\GitHub\fNIRSandGerbils\stim\s_emayatest\scrambled\33_scrambled.wav,b,0.676,2.906,4.361,5.196
emayatest,30,2023-03-28,30,2,unscrambled,C:\Users\benri\Documents\GitHub\fNIRSandGerbils\stim\s_emayatest\unscrambled\40_unscrambled.wav,b,0.596,2.432,2.585,4.34
emayatest,31,2023-03-28,31,1,scrambled,C:\Users\benri\Documents\GitHub\fNIRSandGerbils\stim\s_emayatest\scrambled\35_scrambled.wav,b,0.838,4.382
emayatest,32,2023-03-28,32,2,unscrambled,C:\Users\benri\Documents\GitHub\fNIRSandGerbils\stim\s_emayatest\unscrambled\43_unscrambled.wav,b,0.687,1.829,3.05,4.963
emayatest,33,2023-03-28,33,1,scrambled,C:\Users\benri\Documents\GitHub\fNIRSandGerbils\stim\s_emayatest\scrambled\36_scrambled.wav,b,2.532,3.139,4.128,4.578
emayatest,34,2023-03-28,34,2,unscrambled,C:\Users\benri\Documents\GitHub\fNIRSandGerbils\stim\s_emayatest\unscrambled\44_unscrambled.wav,b,0.771,1.606,2.451,4.911,5.981
emayatest,35,2023-03-28,35,1,scrambled,C:\Users\benri\Documents\GitHub\fNIRSandGerbils\stim\s_emayatest\scrambled\37_scrambled.wav,b,0.841,3.764,4.057
emayatest,36,2023-03-28,36,2,unscrambled,C:\Users\benri\Documents\GitHub\fNIRSandGerbils\stim\s_emayatest\unscrambled\45_unscrambled.wav,b,0.529,2.082,3.378,4.519
emayatest,37,2023-03-28,37,1,scrambled,C:\Users\benri\Documents\GitHub\fNIRSandGerbils\stim\s_emayatest\scrambled\3_scrambled.wav,b,1.696,2.912,3.204
emayatest,38,2023-03-28,38,2,unscrambled,C:\Users\benri\Documents\GitHub\fNIRSandGerbils\stim\s_emayatest\unscrambled\48_unscrambled.wav,b,0.755,2.829,5.04
emayatest,39,2023-03-28,39,1,scrambled,C:\Users\benri\Documents\GitHub\fNIRSandGerbils\stim\s_emayatest\scrambled\41_scrambled.wav,b,0.745,1.748,3.661,4.494
emayatest,40,2023-03-28,40,2,unscrambled,C:\Users\benri\Documents\GitHub\fNIRSandGerbils\stim\s_emayatest\unscrambled\4_unscrambled.wav,b,1.824,2.884,3.95,5.502
emayatest,41,2023-03-28,41,1,scrambled,C:\Users\benri\Documents\GitHub\fNIRSandGerbils\stim\s_emayatest\scrambled\42_scrambled.wav,b,1.134,3.903,5.501
emayatest,42,2023-03-28,42,2,unscrambled,C:\Users\benri\Documents\GitHub\fNIRSandGerbils\stim\s_emayatest\unscrambled\5_unscrambled.wav,b,2.373,2.665,4.656
emayatest,43,2023-03-28,43,1,scrambled,C:\Users\benri\Documents\GitHub\fNIRSandGerbils\stim\s_emayatest\scrambled\46_scrambled.wav,b,1.373,3.514,3.807,5.724
emayatest,44,2023-03-28,44,2,unscrambled,C:\Users\benri\Documents\GitHub\fNIRSandGerbils\stim\s_emayatest\unscrambled\6_unscrambled.wav,b,2.408,3.321,4.394,5.09
emayatest,45,2023-03-28,45,1,scrambled,C:\Users\benri\Documents\GitHub\fNIRSandGerbils\stim\s_emayatest\scrambled\47_scrambled.wav,b,0.984,2.751,4.517,5.587
emayatest,46,2023-03-28,46,2,unscrambled,C:\Users\benri\Documents\GitHub\fNIRSandGerbils\stim\s_emayatest\unscrambled\7_unscrambled.wav,b,1.054,3.128,4.277
emayatest,47,2023-03-28,47,1,scrambled,C:\Users\benri\Documents\GitHub\fNIRSandGerbils\stim\s_emayatest\scrambled\8_scrambled.wav,b,1.147,1.909,4.521
emayatest,48,2023-03-28,48,2,unscrambled,C:\Users\benri\Documents\GitHub\fNIRSandGerbils\stim\s_emayatest\unscrambled\9_unscrambled.wav,b,0.989,2.06,2.586,5.063
emayatest,1,2023-03-28,1,1,scrambled,C:\Users\benri\Documents\GitHub\fNIRSandGerbils\stim\s_emayatest\scrambled\12_scrambled.wav,b,1.277,2.028,5.089
emayatest,2,2023-03-28,2,2,unscrambled,C:\Users\benri\Documents\GitHub\fNIRSandGerbils\stim\s_emayatest\unscrambled\10_unscrambled.wav,b,1.37,2.292,3.739,5.336
emayatest,3,2023-03-28,3,1,scrambled,C:\Users\benri\Documents\GitHub\fNIRSandGerbils\stim\s_emayatest\scrambled\20_scrambled.wav,b,1.754,4.734,5.645
emayatest,4,2023-03-28,4,2,unscrambled,C:\Users\benri\Documents\GitHub\fNIRSandGerbils\stim\s_emayatest\unscrambled\11_unscrambled.wav,b,2.658,3.808
emayatest,5,2023-03-28,5,1,scrambled,C:\Users\benri\Documents\GitHub\fNIRSandGerbils\stim\s_emayatest\scrambled\21_scrambled.wav,b,1.665,4.341,5.785
emayatest,6,2023-03-28,6,2,unscrambled,C:\Users\benri\Documents\GitHub\fNIRSandGerbils\stim\s_emayatest\unscrambled\13_unscrambled.wav,b,1.591,4.043,5.337
emayatest,7,2023-03-28,7,1,scrambled,C:\Users\benri\Documents\GitHub\fNIRSandGerbils\stim\s_emayatest\scrambled\22_scrambled.wav,b,1.145,2.829,4.506,5.655
emayatest,8,2023-03-28,8,2,unscrambled,C:\Users\benri\Documents\GitHub\fNIRSandGerbils\stim\s_emayatest\unscrambled\14_unscrambled.wav,b,3.53,3.899,5.113
emayatest,9,2023-03-28,9,1,scrambled,C:\Users\benri\Documents\GitHub\fNIRSandGerbils\stim\s_emayatest\scrambled\25_scrambled.wav,b,2.125,3.336,4.563
emayatest,10,2023-03-28,10,2,unscrambled,C:\Users\benri\Documents\GitHub\fNIRSandGerbils\stim\s_emayatest\unscrambled\15_unscrambled.wav,b,2.219,4.143,5.359
emayatest,11,2023-03-28,11,1,scrambled,C:\Users\benri\Documents\GitHub\fNIRSandGerbils\stim\s_emayatest\scrambled\26_scrambled.wav,b,1.668,2.877,3.861
emayatest,12,2023-03-28,12,2,unscrambled,C:\Users\benri\Documents\GitHub\fNIRSandGerbils\stim\s_emayatest\unscrambled\16_unscrambled.wav,b,1.901,2.729,4.098,5.539
emayatest,13,2023-03-28,13,1,scrambled,C:\Users\benri\Documents\GitHub\fNIRSandGerbils\stim\s_emayatest\scrambled\27_scrambled.wav,b,1.233,2.295,5.508
emayatest,14,2023-03-28,14,2,unscrambled,C:\Users\benri\Documents\GitHub\fNIRSandGerbils\stim\s_emayatest\unscrambled\17_unscrambled.wav,b,1.828,2.598,3.903,5.269
emayatest,15,2023-03-28,15,1,scrambled,C:\Users\benri\Documents\GitHub\fNIRSandGerbils\stim\s_emayatest\scrambled\28_scrambled.wav,b,1.508,2.568,3.396,5.301
emayatest,16,2023-03-28,16,2,unscrambled,C:\Users\benri\Documents\GitHub\fNIRSandGerbils\stim\s_emayatest\unscrambled\18_unscrambled.wav,b,2.745,3.588,5.042
emayatest,17,2023-03-28,17,1,scrambled,C:\Users\benri\Documents\GitHub\fNIRSandGerbils\stim\s_emayatest\scrambled\32_scrambled.wav,b,2.368,3.435,4.81
emayatest,18,2023-03-28,18,2,unscrambled,C:\Users\benri\Documents\GitHub\fNIRSandGerbils\stim\s_emayatest\unscrambled\19_unscrambled.wav,b,1.59,3.727,4.792
emayatest,19,2023-03-28,19,1,scrambled,C:\Users\benri\Documents\GitHub\fNIRSandGerbils\stim\s_emayatest\scrambled\33_scrambled.wav,b,2.545,3.924,5.534
emayatest,20,2023-03-28,20,2,unscrambled,C:\Users\benri\Documents\GitHub\fNIRSandGerbils\stim\s_emayatest\unscrambled\1_unscrambled.wav,b,2.301,3.212,4.203
emayatest,21,2023-03-28,21,1,scrambled,C:\Users\benri\Documents\GitHub\fNIRSandGerbils\stim\s_emayatest\scrambled\34_scrambled.wav,b,1.372,3.053,5.128
emayatest,22,2023-03-28,22,2,unscrambled,C:\Users\benri\Documents\GitHub\fNIRSandGerbils\stim\s_emayatest\unscrambled\23_unscrambled.wav,b,1.283,2.88,5.02
emayatest,23,2023-03-28,23,1,scrambled,C:\Users\benri\Documents\GitHub\fNIRSandGerbils\stim\s_emayatest\scrambled\36_scrambled.wav,b,1.974,4.26,5.169
emayatest,24,2023-03-28,24,2,unscrambled,C:\Users\benri\Documents\GitHub\fNIRSandGerbils\stim\s_emayatest\unscrambled\24_unscrambled.wav,b,1.528,2.903,4.115,4.716
emayatest,25,2023-03-28,25,1,scrambled,C:\Users\benri\Documents\GitHub\fNIRSandGerbils\stim\s_emayatest\scrambled\38_scrambled.wav,b,2.52,4.296,5.516
emayatest,26,2023-03-28,26,2,unscrambled,C:\Users\benri\Documents\GitHub\fNIRSandGerbils\stim\s_emayatest\unscrambled\29_unscrambled.wav,b,1.677,2.525,3.903,5.201,5.723
emayatest,27,2023-03-28,27,1,scrambled,C:\Users\benri\Documents\GitHub\fNIRSandGerbils\stim\s_emayatest\scrambled\39_scrambled.wav,b,1.442,2.587,4.666
emayatest,28,2023-03-28,28,2,unscrambled,C:\Users\benri\Documents\GitHub\fNIRSandGerbils\stim\s_emayatest\unscrambled\2_unscrambled.wav,b,1.142,2.511,5.197
emayatest,29,2023-03-28,29,1,scrambled,C:\Users\benri\Documents\GitHub\fNIRSandGerbils\stim\s_emayatest\scrambled\40_scrambled.wav,b,1.76,3.981,5.12
emayatest,30,2023-03-28,30,2,unscrambled,C:\Users\benri\Documents\GitHub\fNIRSandGerbils\stim\s_emayatest\unscrambled\30_unscrambled.wav,b,1.607,2.593,3.806,5.719
emayatest,31,2023-03-28,31,1,scrambled,C:\Users\benri\Documents\GitHub\fNIRSandGerbils\stim\s_emayatest\scrambled\41_scrambled.wav,b,2.752,3.579,4.95
emayatest,32,2023-03-28,32,2,unscrambled,C:\Users\benri\Documents\GitHub\fNIRSandGerbils\stim\s_emayatest\unscrambled\31_unscrambled.wav,b,1.287,3.968,5.259
emayatest,33,2023-03-28,33,1,scrambled,C:\Users\benri\Documents\GitHub\fNIRSandGerbils\stim\s_emayatest\scrambled\43_scrambled.wav,b,2.526,4.441,5.268
emayatest,34,2023-03-28,34,2,unscrambled,C:\Users\benri\Documents\GitHub\fNIRSandGerbils\stim\s_emayatest\unscrambled\35_unscrambled.wav,b,1.584,3.949,5.105
emayatest,35,2023-03-28,35,1,scrambled,C:\Users\benri\Documents\GitHub\fNIRSandGerbils\stim\s_emayatest\scrambled\44_scrambled.wav,b,1.356,2.801,3.634
emayatest,36,2023-03-28,36,2,unscrambled,C:\Users\benri\Documents\GitHub\fNIRSandGerbils\stim\s_emayatest\unscrambled\37_unscrambled.wav,b,2.129,4.114,5.333
emayatest,37,2023-03-28,37,1,scrambled,C:\Users\benri\Documents\GitHub\fNIRSandGerbils\stim\s_emayatest\scrambled\47_scrambled.wav,b,1.593,2.42,3.709
emayatest,38,2023-03-28,38,2,unscrambled,C:\Users\benri\Documents\GitHub\fNIRSandGerbils\stim\s_emayatest\unscrambled\3_unscrambled.wav,b,1.676,2.814,3.876,5.406
emayatest,39,2023-03-28,39,1,scrambled,C:\Users\benri\Documents\GitHub\fNIRSandGerbils\stim\s_emayatest\scrambled\48_scrambled.wav,b,1.517,2.426,3.182,4.087
emayatest,40,2023-03-28,40,2,unscrambled,C:\Users\benri\Documents\GitHub\fNIRSandGerbils\stim\s_emayatest\unscrambled\42_unscrambled.wav,b,1.765,3.281,4.566,5.624
emayatest,41,2023-03-28,41,1,scrambled,C:\Users\benri\Documents\GitHub\fNIRSandGerbils\stim\s_emayatest\scrambled\4_scrambled.wav,b,2.757,3.585
emayatest,42,2023-03-28,42,2,unscrambled,C:\Users\benri\Documents\GitHub\fNIRSandGerbils\stim\s_emayatest\unscrambled\45_unscrambled.wav,b,3.277,4.183,5.87
emayatest,43,2023-03-28,43,1,scrambled,C:\Users\benri\Documents\GitHub\fNIRSandGerbils\stim\s_emayatest\scrambled\6_scrambled.wav,b,2.069,3.973,4.959
emayatest,44,2023-03-28,44,2,unscrambled,C:\Users\benri\Documents\GitHub\fNIRSandGerbils\stim\s_emayatest\unscrambled\46_unscrambled.wav,b,1.988,2.747,4.121,5.42
emayatest,45,2023-03-28,45,1,scrambled,C:\Users\benri\Documents\GitHub\fNIRSandGerbils\stim\s_emayatest\scrambled\8_scrambled.wav,b,1.137,3.901,5.605
emayatest,46,2023-03-28,46,2,unscrambled,C:\Users\benri\Documents\GitHub\fNIRSandGerbils\stim\s_emayatest\unscrambled\5_unscrambled.wav,b,2.374,3.592,4.906
emayatest,47,2023-03-28,47,1,scrambled,C:\Users\benri\Documents\GitHub\fNIRSandGerbils\stim\s_emayatest\scrambled\9_scrambled.wav,b,1.677,2.364,5.584
emayatest,48,2023-03-28,48,2,unscrambled,C:\Users\benri\Documents\GitHub\fNIRSandGerbils\stim\s_emayatest\unscrambled\7_unscrambled.wav,b,2.604,3.974,5.263,6.263
bentest,1,2023-03-29,1,1,scrambled,C:\Users\benri\Documents\GitHub\fNIRSandGerbils\stim\s_bentest\scrambled\10_scrambled.wav,b,2.843,3.733,4.953
bentest,2,2023-03-29,2,2,unscrambled,C:\Users\benri\Documents\GitHub\fNIRSandGerbils\stim\s_bentest\unscrambled\13_unscrambled.wav,b,1.318,2.189,3.909
bentest,3,2023-03-29,3,1,scrambled,C:\Users\benri\Documents\GitHub\fNIRSandGerbils\stim\s_bentest\scrambled\11_scrambled.wav,b,1.392,3.112,5.512
bentest,4,2023-03-29,4,2,unscrambled,C:\Users\benri\Documents\GitHub\fNIRSandGerbils\stim\s_bentest\unscrambled\17_unscrambled.wav,b,1.582,2.523,4.73
bentest,5,2023-03-29,5,1,scrambled,C:\Users\benri\Documents\GitHub\fNIRSandGerbils\stim\s_bentest\scrambled\12_scrambled.wav,b,2.763,3.933,5.193
bentest,6,2023-03-29,6,2,unscrambled,C:\Users\benri\Documents\GitHub\fNIRSandGerbils\stim\s_bentest\unscrambled\20_unscrambled.wav,b,1.599,3.349,4.489
bentest,7,2023-03-29,7,1,scrambled,C:\Users\benri\Documents\GitHub\fNIRSandGerbils\stim\s_bentest\scrambled\14_scrambled.wav,b,2.124,3.754,4.934
bentest,8,2023-03-29,8,2,unscrambled,C:\Users\benri\Documents\GitHub\fNIRSandGerbils\stim\s_bentest\unscrambled\22_unscrambled.wav,b,1.752,3.162,4.692
bentest,9,2023-03-29,9,1,scrambled,C:\Users\benri\Documents\GitHub\fNIRSandGerbils\stim\s_bentest\scrambled\15_scrambled.wav,b,1.523,3.503,4.763
bentest,10,2023-03-29,10,2,unscrambled,C:\Users\benri\Documents\GitHub\fNIRSandGerbils\stim\s_bentest\unscrambled\23_unscrambled.wav,b,2.533,4.273,5.533
bentest,11,2023-03-29,11,1,scrambled,C:\Users\benri\Documents\GitHub\fNIRSandGerbils\stim\s_bentest\scrambled\16_scrambled.wav,b,1.572,4.112,4.972
bentest,12,2023-03-29,12,2,unscrambled,C:\Users\benri\Documents\GitHub\fNIRSandGerbils\stim\s_bentest\unscrambled\26_unscrambled.wav,b,1.822,3.882,4.813
bentest,13,2023-03-29,13,1,scrambled,C:\Users\benri\Documents\GitHub\fNIRSandGerbils\stim\s_bentest\scrambled\18_scrambled.wav,b,1.403,3.053,4.892
bentest,14,2023-03-29,14,2,unscrambled,C:\Users\benri\Documents\GitHub\fNIRSandGerbils\stim\s_bentest\unscrambled\33_unscrambled.wav,b,1.84,4.31
bentest,15,2023-03-29,15,1,scrambled,C:\Users\benri\Documents\GitHub\fNIRSandGerbils\stim\s_bentest\scrambled\19_scrambled.wav,b,2.124,3.304,4.954
bentest,16,2023-03-29,16,2,unscrambled,C:\Users\benri\Documents\GitHub\fNIRSandGerbils\stim\s_bentest\unscrambled\35_unscrambled.wav,b,2.733,3.983,5.019
bentest,17,2023-03-29,17,1,scrambled,C:\Users\benri\Documents\GitHub\fNIRSandGerbils\stim\s_bentest\scrambled\1_scrambled.wav,b,1.654,2.663,4.954
bentest,18,2023-03-29,18,2,unscrambled,C:\Users\benri\Documents\GitHub\fNIRSandGerbils\stim\s_bentest\unscrambled\36_unscrambled.wav,b,2.208,3.388,4.698,5.728
bentest,19,2023-03-29,19,1,scrambled,C:\Users\benri\Documents\GitHub\fNIRSandGerbils\stim\s_bentest\scrambled\21_scrambled.wav,b,2.513,3.373,4.933
bentest,20,2023-03-29,20,2,unscrambled,C:\Users\benri\Documents\GitHub\fNIRSandGerbils\stim\s_bentest\unscrambled\38_unscrambled.wav,b,2.882,3.882,5.36
bentest,21,2023-03-29,21,1,scrambled,C:\Users\benri\Documents\GitHub\fNIRSandGerbils\stim\s_bentest\scrambled\24_scrambled.wav,b,2.103,2.943,3.733
bentest,22,2023-03-29,22,2,unscrambled,C:\Users\benri\Documents\GitHub\fNIRSandGerbils\stim\s_bentest\unscrambled\39_unscrambled.wav,b,1.339,3.209,4.408,5.669
bentest,23,2023-03-29,23,1,scrambled,C:\Users\benri\Documents\GitHub\fNIRSandGerbils\stim\s_bentest\scrambled\25_scrambled.wav,b,1.392,4.112,5.352
bentest,24,2023-03-29,24,2,unscrambled,C:\Users\benri\Documents\GitHub\fNIRSandGerbils\stim\s_bentest\unscrambled\3_unscrambled.wav,b,1.981,3.522,4.382,5.311
bentest,25,2023-03-29,25,1,scrambled,C:\Users\benri\Documents\GitHub\fNIRSandGerbils\stim\s_bentest\scrambled\27_scrambled.wav,b,1.802,3.302,5.332
bentest,26,2023-03-29,26,2,unscrambled,C:\Users\benri\Documents\GitHub\fNIRSandGerbils\stim\s_bentest\unscrambled\40_unscrambled.wav,b,1.257,3.777,5.377
bentest,27,2023-03-29,27,1,scrambled,C:\Users\benri\Documents\GitHub\fNIRSandGerbils\stim\s_bentest\scrambled\28_scrambled.wav,b,1.173,2.123,2.893
bentest,28,2023-03-29,28,2,unscrambled,C:\Users\benri\Documents\GitHub\fNIRSandGerbils\stim\s_bentest\unscrambled\41_unscrambled.wav,b,1.253,2.482,5.403
bentest,29,2023-03-29,29,1,scrambled,C:\Users\benri\Documents\GitHub\fNIRSandGerbils\stim\s_bentest\scrambled\29_scrambled.wav,b,1.511,3.301,4.692
bentest,30,2023-03-29,30,2,unscrambled,C:\Users\benri\Documents\GitHub\fNIRSandGerbils\stim\s_bentest\unscrambled\42_unscrambled.wav,b,1.332,2.592,3.772,5.332
bentest,31,2023-03-29,31,1,scrambled,C:\Users\benri\Documents\GitHub\fNIRSandGerbils\stim\s_bentest\scrambled\2_scrambled.wav,b,1.102,4.172,5.431
bentest,32,2023-03-29,32,2,unscrambled,C:\Users\benri\Documents\GitHub\fNIRSandGerbils\stim\s_bentest\unscrambled\44_unscrambled.wav,b,1.752,3.332,4.512
bentest,33,2023-03-29,33,1,scrambled,C:\Users\benri\Documents\GitHub\fNIRSandGerbils\stim\s_bentest\scrambled\30_scrambled.wav,b,1.723,3.053,5.053
bentest,34,2023-03-29,34,2,unscrambled,C:\Users\benri\Documents\GitHub\fNIRSandGerbils\stim\s_bentest\unscrambled\45_unscrambled.wav,b,1.084,3.094,4.914
bentest,35,2023-03-29,35,1,scrambled,C:\Users\benri\Documents\GitHub\fNIRSandGerbils\stim\s_bentest\scrambled\31_scrambled.wav,b,2.393,3.173,4.112,5.152
bentest,36,2023-03-29,36,2,unscrambled,C:\Users\benri\Documents\GitHub\fNIRSandGerbils\stim\s_bentest\unscrambled\46_unscrambled.wav,b,1.252,2.571,5.112
bentest,37,2023-03-29,37,1,scrambled,C:\Users\benri\Documents\GitHub\fNIRSandGerbils\stim\s_bentest\scrambled\32_scrambled.wav,b,2.502,3.752,5.552
bentest,38,2023-03-29,38,2,unscrambled,C:\Users\benri\Documents\GitHub\fNIRSandGerbils\stim\s_bentest\unscrambled\47_unscrambled.wav,b,2.148,4.109,5.499
bentest,39,2023-03-29,39,1,scrambled,C:\Users\benri\Documents\GitHub\fNIRSandGerbils\stim\s_bentest\scrambled\34_scrambled.wav,b,2.743,3.693,4.693
bentest,40,2023-03-29,40,2,unscrambled,C:\Users\benri\Documents\GitHub\fNIRSandGerbils\stim\s_bentest\unscrambled\48_unscrambled.wav,b,2.123,2.913,4.903
bentest,41,2023-03-29,41,1,scrambled,C:\Users\benri\Documents\GitHub\fNIRSandGerbils\stim\s_bentest\scrambled\37_scrambled.wav,b,2.692,4.272,5.212
bentest,42,2023-03-29,42,2,unscrambled,C:\Users\benri\Documents\GitHub\fNIRSandGerbils\stim\s_bentest\unscrambled\6_unscrambled.wav,b,2.229,3.159,4.249
bentest,43,2023-03-29,43,1,scrambled,C:\Users\benri\Documents\GitHub\fNIRSandGerbils\stim\s_bentest\scrambled\43_scrambled.wav,b,3.092,4.112,5.292
bentest,44,2023-03-29,44,2,unscrambled,C:\Users\benri\Documents\GitHub\fNIRSandGerbils\stim\s_bentest\unscrambled\7_unscrambled.wav,b,1.322,2.272,3.703,4.553
bentest,45,2023-03-29,45,1,scrambled,C:\Users\benri\Documents\GitHub\fNIRSandGerbils\stim\s_bentest\scrambled\4_scrambled.wav,b,1.333,2.273,3.213
bentest,46,2023-03-29,46,2,unscrambled,C:\Users\benri\Documents\GitHub\fNIRSandGerbils\stim\s_bentest\unscrambled\8_unscrambled.wav,b,1.482,2.507,3.367,5.147
bentest,47,2023-03-29,47,1,scrambled,C:\Users\benri\Documents\GitHub\fNIRSandGerbils\stim\s_bentest\scrambled\5_scrambled.wav,b,1.662,2.282,3.932
bentest,48,2023-03-29,48,2,unscrambled,C:\Users\benri\Documents\GitHub\fNIRSandGerbils\stim\s_bentest\unscrambled\9_unscrambled.wav,b,1.472,3.132,4.213
boothtest,1,2023-04-07,1,1,scrambled,D:\Experiments\fNIRSandGerbils\stim\s_boothtest\scrambled\10_scrambled.wav,b,
boothtest,1,2023-04-07,1,1,scrambled,D:\Experiments\fNIRSandGerbils\stim\s_boothtest\scrambled\10_scrambled.wav,b,
boothtest,2,2023-04-07,2,2,unscrambled,D:\Experiments\fNIRSandGerbils\stim\s_boothtest\unscrambled\11_unscrambled.wav,b,
boothtest,1,2023-04-07,1,1,scrambled,D:\Experiments\fNIRSandGerbils\stim\s_boothtest\scrambled\10_scrambled.wav,b,
boothtest,1,2023-04-09,1,1,scrambled,D:\Experiments\fNIRSandGerbils\stim\s_boothtest\scrambled\10_scrambled.wav,b,3.011,3.827,5.079
boothtest,2,2023-04-09,2,2,unscrambled,D:\Experiments\fNIRSandGerbils\stim\s_boothtest\unscrambled\13_unscrambled.wav,b,0.129,1.718,2.405,3.919
pilot001,1,2023-04-10,1,1,scrambled,D:\Experiments\fNIRSandGerbils\stim\s_pilot001\scrambled\10_scrambled.wav,b,2.475,3.86,5.011
pilot001,2,2023-04-10,2,2,unscrambled,D:\Experiments\fNIRSandGerbils\stim\s_pilot001\unscrambled\13_unscrambled.wav,b,1.305,2.146,4.309,6.009
pilot001,3,2023-04-10,3,1,scrambled,D:\Experiments\fNIRSandGerbils\stim\s_pilot001\scrambled\11_scrambled.wav,b,1.464,2.612,5.578
pilot001,4,2023-04-10,4,2,unscrambled,D:\Experiments\fNIRSandGerbils\stim\s_pilot001\unscrambled\17_unscrambled.wav,b,1.774,2.397,4.63
pilot001,5,2023-04-10,5,1,scrambled,D:\Experiments\fNIRSandGerbils\stim\s_pilot001\scrambled\12_scrambled.wav,b,2.775,4.081,5.228
pilot001,6,2023-04-10,6,2,unscrambled,D:\Experiments\fNIRSandGerbils\stim\s_pilot001\unscrambled\20_unscrambled.wav,b,0.757,1.597,2.904,4.359
pilot001,7,2023-04-10,7,1,scrambled,D:\Experiments\fNIRSandGerbils\stim\s_pilot001\scrambled\14_scrambled.wav,b,2.158,4.317,4.999
pilot001,8,2023-04-10,8,2,unscrambled,D:\Experiments\fNIRSandGerbils\stim\s_pilot001\unscrambled\22_unscrambled.wav,b,1.853,3.167,4.394
pilot001,9,2023-04-10,9,1,scrambled,D:\Experiments\fNIRSandGerbils\stim\s_pilot001\scrambled\15_scrambled.wav,b,1.539,3.626,4.777
pilot001,10,2023-04-10,10,2,unscrambled,D:\Experiments\fNIRSandGerbils\stim\s_pilot001\unscrambled\23_unscrambled.wav,b,2.559,4.333,5.639
pilot001,11,2023-04-10,11,1,scrambled,D:\Experiments\fNIRSandGerbils\stim\s_pilot001\scrambled\16_scrambled.wav,b,1.611,4.239,5.02
pilot001,12,2023-04-10,12,2,unscrambled,D:\Experiments\fNIRSandGerbils\stim\s_pilot001\unscrambled\26_unscrambled.wav,b,1.924,3.947,4.865
pilot001,13,2023-04-10,13,1,scrambled,D:\Experiments\fNIRSandGerbils\stim\s_pilot001\scrambled\18_scrambled.wav,b,1.377,3.157,4.945
pilot001,14,2023-04-10,14,2,unscrambled,D:\Experiments\fNIRSandGerbils\stim\s_pilot001\unscrambled\33_unscrambled.wav,b,1.618,2.774,3.613,4.374
pilot001,15,2023-04-10,15,1,scrambled,D:\Experiments\fNIRSandGerbils\stim\s_pilot001\scrambled\19_scrambled.wav,b,2.164,3.336,5.032
pilot001,16,2023-04-10,16,2,unscrambled,D:\Experiments\fNIRSandGerbils\stim\s_pilot001\unscrambled\35_unscrambled.wav,b,2.707,3.704,4.773
pilot001,17,2023-04-10,17,1,scrambled,D:\Experiments\fNIRSandGerbils\stim\s_pilot001\scrambled\1_scrambled.wav,b,1.235,2.62,5.019
pilot001,18,2023-04-10,18,2,unscrambled,D:\Experiments\fNIRSandGerbils\stim\s_pilot001\unscrambled\36_unscrambled.wav,b,2.17,3.243,4.786,5.626
pilot001,19,2023-04-10,19,1,scrambled,D:\Experiments\fNIRSandGerbils\stim\s_pilot001\scrambled\21_scrambled.wav,b,2.555,3.411,5.105
pilot001,20,2023-04-10,20,2,unscrambled,D:\Experiments\fNIRSandGerbils\stim\s_pilot001\unscrambled\38_unscrambled.wav,b,2.86,4.011,4.945,5.549
pilot001,21,2023-04-10,21,1,scrambled,D:\Experiments\fNIRSandGerbils\stim\s_pilot001\scrambled\24_scrambled.wav,b,2.158,3.073,3.837
pilot001,22,2023-04-10,22,2,unscrambled,D:\Experiments\fNIRSandGerbils\stim\s_pilot001\unscrambled\39_unscrambled.wav,b,1.464,3.157,4.384,5.461
pilot001,23,2023-04-10,23,1,scrambled,D:\Experiments\fNIRSandGerbils\stim\s_pilot001\scrambled\25_scrambled.wav,b,1.397,4.18,5.487
pilot001,24,2023-04-10,24,2,unscrambled,D:\Experiments\fNIRSandGerbils\stim\s_pilot001\unscrambled\3_unscrambled.wav,b,2.009,3.547,4.466,5.244
pilot001,25,2023-04-10,25,1,scrambled,D:\Experiments\fNIRSandGerbils\stim\s_pilot001\scrambled\27_scrambled.wav,b,1.841,3.383,5.384
pilot001,26,2023-04-10,26,2,unscrambled,D:\Experiments\fNIRSandGerbils\stim\s_pilot001\unscrambled\40_unscrambled.wav,b,1.464,3.798,6.055
pilot001,27,2023-04-10,27,1,scrambled,D:\Experiments\fNIRSandGerbils\stim\s_pilot001\scrambled\28_scrambled.wav,b,1.245,2.239,3.078
pilot001,28,2023-04-10,28,2,unscrambled,D:\Experiments\fNIRSandGerbils\stim\s_pilot001\unscrambled\41_unscrambled.wav,b,1.31,2.616,5.167
pilot001,29,2023-04-10,29,1,scrambled,D:\Experiments\fNIRSandGerbils\stim\s_pilot001\scrambled\29_scrambled.wav,b,1.613,3.39,4.79
pilot001,30,2023-04-10,30,2,unscrambled,D:\Experiments\fNIRSandGerbils\stim\s_pilot001\unscrambled\42_unscrambled.wav,b,1.228,2.617,3.771,5.39
pilot001,31,2023-04-10,31,1,scrambled,D:\Experiments\fNIRSandGerbils\stim\s_pilot001\scrambled\2_scrambled.wav,b,1.15,4.249,5.476
pilot001,32,2023-04-10,32,2,unscrambled,D:\Experiments\fNIRSandGerbils\stim\s_pilot001\unscrambled\44_unscrambled.wav,b,1.769,2.996,3.605,4.52
pilot001,33,2023-04-10,33,1,scrambled,D:\Experiments\fNIRSandGerbils\stim\s_pilot001\scrambled\30_scrambled.wav,b,1.791,3.096,4.963
pilot001,34,2023-04-10,34,2,unscrambled,D:\Experiments\fNIRSandGerbils\stim\s_pilot001\unscrambled\45_unscrambled.wav,b,1.306,2.687,4.016,5.01
pilot001,35,2023-04-10,35,1,scrambled,D:\Experiments\fNIRSandGerbils\stim\s_pilot001\scrambled\31_scrambled.wav,b,2.476,3.24,4.176,5.191
pilot001,36,2023-04-10,36,2,unscrambled,D:\Experiments\fNIRSandGerbils\stim\s_pilot001\unscrambled\46_unscrambled.wav,b,1.299,2.606,4.923
pilot001,37,2023-04-10,37,1,scrambled,D:\Experiments\fNIRSandGerbils\stim\s_pilot001\scrambled\32_scrambled.wav,b,2.622,3.774,5.567
pilot001,38,2023-04-10,38,2,unscrambled,D:\Experiments\fNIRSandGerbils\stim\s_pilot001\unscrambled\47_unscrambled.wav,b,2.158,3.229,4.148,5.148
pilot001,39,2023-04-10,39,1,scrambled,D:\Experiments\fNIRSandGerbils\stim\s_pilot001\scrambled\34_scrambled.wav,b,2.785,3.776,4.767
pilot001,40,2023-04-10,40,2,unscrambled,D:\Experiments\fNIRSandGerbils\stim\s_pilot001\unscrambled\48_unscrambled.wav,b,2.161,3.0,5.004
pilot001,41,2023-04-10,41,1,scrambled,D:\Experiments\fNIRSandGerbils\stim\s_pilot001\scrambled\37_scrambled.wav,b,2.856,4.397,5.319
pilot001,42,2023-04-10,42,2,unscrambled,D:\Experiments\fNIRSandGerbils\stim\s_pilot001\unscrambled\6_unscrambled.wav,b,2.155,3.151,4.225,5.686
pilot001,43,2023-04-10,43,1,scrambled,D:\Experiments\fNIRSandGerbils\stim\s_pilot001\scrambled\43_scrambled.wav,b,3.165,4.233,5.397
pilot001,44,2023-04-10,44,2,unscrambled,D:\Experiments\fNIRSandGerbils\stim\s_pilot001\unscrambled\7_unscrambled.wav,b,1.461,2.377,3.764,4.602
pilot001,45,2023-04-10,45,1,scrambled,D:\Experiments\fNIRSandGerbils\stim\s_pilot001\scrambled\4_scrambled.wav,b,1.461,2.379,3.375
pilot001,46,2023-04-10,46,2,unscrambled,D:\Experiments\fNIRSandGerbils\stim\s_pilot001\unscrambled\8_unscrambled.wav,b,1.532,2.526,3.366,5.217
pilot001,47,2023-04-10,47,1,scrambled,D:\Experiments\fNIRSandGerbils\stim\s_pilot001\scrambled\5_scrambled.wav,b,1.228,2.375,3.996
pilot001,48,2023-04-10,48,2,unscrambled,D:\Experiments\fNIRSandGerbils\stim\s_pilot001\unscrambled\9_unscrambled.wav,b,1.46,2.841,4.227
longtest1,1,2023-04-23,1,1,scrambled,D:\Experiments\fNIRSandGerbils\stim\s_longtest1\scrambled\13_scrambled.wav,b,2.407,6.673,8.057
longtest1,2,2023-04-23,2,2,unscrambled,D:\Experiments\fNIRSandGerbils\stim\s_longtest1\unscrambled\10_unscrambled.wav,b,3.013,6.255,7.72
longtest1,3,2023-04-23,3,1,scrambled,D:\Experiments\fNIRSandGerbils\stim\s_longtest1\scrambled\15_scrambled.wav,b,3.253,4.651,6.267
longtest1,4,2023-04-23,4,2,unscrambled,D:\Experiments\fNIRSandGerbils\stim\s_longtest1\unscrambled\11_unscrambled.wav,b,2.562,5.646,8.596
longtest1,5,2023-04-23,5,1,scrambled,D:\Experiments\fNIRSandGerbils\stim\s_longtest1\scrambled\17_scrambled.wav,b,2.861,5.328,8.659
longtest1,6,2023-04-23,6,2,unscrambled,D:\Experiments\fNIRSandGerbils\stim\s_longtest1\unscrambled\12_unscrambled.wav,b,1.692,3.23,6.64
longtest1,7,2023-04-23,7,1,scrambled,D:\Experiments\fNIRSandGerbils\stim\s_longtest1\scrambled\18_scrambled.wav,b,5.914,7.22,8.914
longtest1,8,2023-04-23,8,2,unscrambled,D:\Experiments\fNIRSandGerbils\stim\s_longtest1\unscrambled\14_unscrambled.wav,b,2.007,3.935,6.871,8.97
longtest1,9,2023-04-23,9,1,scrambled,D:\Experiments\fNIRSandGerbils\stim\s_longtest1\scrambled\1_scrambled.wav,b,3.584,4.966,6.274,7.655
longtest1,10,2023-04-23,10,2,unscrambled,D:\Experiments\fNIRSandGerbils\stim\s_longtest1\unscrambled\16_unscrambled.wav,b,2.013,4.024,6.826
longtest1,11,2023-04-23,11,1,scrambled,D:\Experiments\fNIRSandGerbils\stim\s_longtest1\scrambled\20_scrambled.wav,b,1.919,5.089,8.27
longtest1,12,2023-04-23,12,2,unscrambled,D:\Experiments\fNIRSandGerbils\stim\s_longtest1\unscrambled\19_unscrambled.wav,b,2.313,4.957,6.889
longtest1,13,2023-04-23,13,1,scrambled,D:\Experiments\fNIRSandGerbils\stim\s_longtest1\scrambled\21_scrambled.wav,b,4.252,5.634,7.95
longtest1,14,2023-04-23,14,2,unscrambled,D:\Experiments\fNIRSandGerbils\stim\s_longtest1\unscrambled\23_unscrambled.wav,b,1.928,3.702,5.626
longtest1,15,2023-04-23,15,1,scrambled,D:\Experiments\fNIRSandGerbils\stim\s_longtest1\scrambled\22_scrambled.wav,b,3.083,5.495,8.601
longtest1,16,2023-04-23,16,2,unscrambled,D:\Experiments\fNIRSandGerbils\stim\s_longtest1\unscrambled\24_unscrambled.wav,b,3.005,4.389,7.5
longtest1,17,2023-04-23,17,1,scrambled,D:\Experiments\fNIRSandGerbils\stim\s_longtest1\scrambled\25_scrambled.wav,b,2.01,5.571,7.652
longtest1,18,2023-04-23,18,2,unscrambled,D:\Experiments\fNIRSandGerbils\stim\s_longtest1\unscrambled\27_unscrambled.wav,b,1.694,4.17,5.249,7.638,8.881
longtest1,19,2023-04-23,19,1,scrambled,D:\Experiments\fNIRSandGerbils\stim\s_longtest1\scrambled\26_scrambled.wav,b,3.944,5.941,8.502
longtest1,20,2023-04-23,20,2,unscrambled,D:\Experiments\fNIRSandGerbils\stim\s_longtest1\unscrambled\28_unscrambled.wav,b,2.005,6.898,8.594
longtest1,21,2023-04-23,21,1,scrambled,D:\Experiments\fNIRSandGerbils\stim\s_longtest1\scrambled\29_scrambled.wav,b,2.397,3.698,5.313
longtest1,22,2023-04-23,22,2,unscrambled,D:\Experiments\fNIRSandGerbils\stim\s_longtest1\unscrambled\2_unscrambled.wav,b,2.089,4.322,7.187,8.722
longtest1,23,2023-04-23,23,1,scrambled,D:\Experiments\fNIRSandGerbils\stim\s_longtest1\scrambled\30_scrambled.wav,b,1.616,3.228,8.255
longtest1,24,2023-04-23,24,2,unscrambled,D:\Experiments\fNIRSandGerbils\stim\s_longtest1\unscrambled\31_unscrambled.wav,b,1.777,4.876,6.724
longtest1,25,2023-04-23,25,1,scrambled,D:\Experiments\fNIRSandGerbils\stim\s_longtest1\scrambled\33_scrambled.wav,b,4.649,8.911
longtest1,26,2023-04-23,26,2,unscrambled,D:\Experiments\fNIRSandGerbils\stim\s_longtest1\unscrambled\32_unscrambled.wav,b,2.395,3.561,7.906
longtest1,27,2023-04-23,27,1,scrambled,D:\Experiments\fNIRSandGerbils\stim\s_longtest1\scrambled\34_scrambled.wav,b,3.402,4.94,8.577
longtest1,28,2023-04-23,28,2,unscrambled,D:\Experiments\fNIRSandGerbils\stim\s_longtest1\unscrambled\35_unscrambled.wav,b,1.942,4.883,6.268,7.98
longtest1,29,2023-04-23,29,1,scrambled,D:\Experiments\fNIRSandGerbils\stim\s_longtest1\scrambled\37_scrambled.wav,b,2.394,7.269,8.976
longtest1,30,2023-04-23,30,2,unscrambled,D:\Experiments\fNIRSandGerbils\stim\s_longtest1\unscrambled\36_unscrambled.wav,b,1.692,5.19,7.269,8.733
longtest1,31,2023-04-23,31,1,scrambled,D:\Experiments\fNIRSandGerbils\stim\s_longtest1\scrambled\38_scrambled.wav,b,4.565,6.264,8.428
longtest1,32,2023-04-23,32,2,unscrambled,D:\Experiments\fNIRSandGerbils\stim\s_longtest1\unscrambled\39_unscrambled.wav,b,1.705,4.893,6.583,8.586
longtest1,33,2023-04-23,33,1,scrambled,D:\Experiments\fNIRSandGerbils\stim\s_longtest1\scrambled\40_scrambled.wav,b,2.315,4.003,6.024
longtest1,34,2023-04-23,34,2,unscrambled,D:\Experiments\fNIRSandGerbils\stim\s_longtest1\unscrambled\3_unscrambled.wav,b,3.549,6.015,7.886
longtest1,35,2023-04-23,35,1,scrambled,D:\Experiments\fNIRSandGerbils\stim\s_longtest1\scrambled\41_scrambled.wav,b,1.922,4.551,6.477
longtest1,36,2023-04-23,36,2,unscrambled,D:\Experiments\fNIRSandGerbils\stim\s_longtest1\unscrambled\42_unscrambled.wav,b,2.864,4.324,6.015,7.949
longtest1,37,2023-04-23,37,1,scrambled,D:\Experiments\fNIRSandGerbils\stim\s_longtest1\scrambled\45_scrambled.wav,b,4.645,6.649,8.424
longtest1,38,2023-04-23,38,2,unscrambled,D:\Experiments\fNIRSandGerbils\stim\s_longtest1\unscrambled\43_unscrambled.wav,b,1.712,7.616,9.093
longtest1,39,2023-04-23,39,1,scrambled,D:\Experiments\fNIRSandGerbils\stim\s_longtest1\scrambled\46_scrambled.wav,b,5.579,7.351,8.651
longtest1,40,2023-04-23,40,2,unscrambled,D:\Experiments\fNIRSandGerbils\stim\s_longtest1\unscrambled\44_unscrambled.wav,b,5.041,6.367,8.306
longtest1,41,2023-04-23,41,1,scrambled,D:\Experiments\fNIRSandGerbils\stim\s_longtest1\scrambled\47_scrambled.wav,b,2.017,3.961,8.303
longtest1,42,2023-04-23,42,2,unscrambled,D:\Experiments\fNIRSandGerbils\stim\s_longtest1\unscrambled\4_unscrambled.wav,b,4.342,5.961,8.282
longtest1,43,2023-04-23,43,1,scrambled,D:\Experiments\fNIRSandGerbils\stim\s_longtest1\scrambled\48_scrambled.wav,b,1.688,5.562,8.268
longtest1,44,2023-04-23,44,2,unscrambled,D:\Experiments\fNIRSandGerbils\stim\s_longtest1\unscrambled\5_unscrambled.wav,b,3.55,5.326,7.099
longtest1,45,2023-04-23,45,1,scrambled,D:\Experiments\fNIRSandGerbils\stim\s_longtest1\scrambled\6_scrambled.wav,b,3.322,5.328,7.019,8.322
longtest1,46,2023-04-23,46,2,unscrambled,D:\Experiments\fNIRSandGerbils\stim\s_longtest1\unscrambled\7_unscrambled.wav,b,1.92,4.156,7.255
longtest1,47,2023-04-23,47,1,scrambled,D:\Experiments\fNIRSandGerbils\stim\s_longtest1\scrambled\8_scrambled.wav,b,2.639,4.557,7.187
longtest1,48,2023-04-23,48,2,unscrambled,D:\Experiments\fNIRSandGerbils\stim\s_longtest1\unscrambled\9_unscrambled.wav,b,1.532,3.848,5.237
longtest2,1,2023-04-23,1,1,scrambled,D:\Experiments\fNIRSandGerbils\stim\s_longtest2\scrambled\10_scrambled.wav,b,4.087,6.803,8.732
longtest2,2,2023-04-23,2,2,unscrambled,D:\Experiments\fNIRSandGerbils\stim\s_longtest2\unscrambled\11_unscrambled.wav,b,3.952,5.184,8.527
longtest2,3,2023-04-23,3,1,scrambled,D:\Experiments\fNIRSandGerbils\stim\s_longtest2\scrambled\14_scrambled.wav,b,1.929,4.249,5.634,8.264
longtest2,4,2023-04-23,4,2,unscrambled,D:\Experiments\fNIRSandGerbils\stim\s_longtest2\unscrambled\12_unscrambled.wav,b,2.629,4.643,5.948,8.578
longtest2,5,2023-04-23,5,1,scrambled,D:\Experiments\fNIRSandGerbils\stim\s_longtest2\scrambled\15_scrambled.wav,b,1.852,3.543,6.87
longtest2,6,2023-04-23,6,2,unscrambled,D:\Experiments\fNIRSandGerbils\stim\s_longtest2\unscrambled\13_unscrambled.wav,b,1.556,4.571,7.9
longtest2,7,2023-04-23,7,1,scrambled,D:\Experiments\fNIRSandGerbils\stim\s_longtest2\scrambled\16_scrambled.wav,b,4.031,6.589,7.992
longtest2,8,2023-04-23,8,2,unscrambled,D:\Experiments\fNIRSandGerbils\stim\s_longtest2\unscrambled\18_unscrambled.wav,b,2.006,4.013,5.324,6.634
longtest2,9,2023-04-23,9,1,scrambled,D:\Experiments\fNIRSandGerbils\stim\s_longtest2\scrambled\17_scrambled.wav,b,2.234,3.62
longtest2,10,2023-04-23,10,2,unscrambled,D:\Experiments\fNIRSandGerbils\stim\s_longtest2\unscrambled\19_unscrambled.wav,b,2.241,6.577,8.277
longtest2,11,2023-04-23,11,1,scrambled,D:\Experiments\fNIRSandGerbils\stim\s_longtest2\scrambled\22_scrambled.wav,b,2.703,3.935,7.347
longtest2,12,2023-04-23,12,2,unscrambled,D:\Experiments\fNIRSandGerbils\stim\s_longtest2\unscrambled\1_unscrambled.wav,b,4.274,6.299,8.169
longtest2,13,2023-04-23,13,1,scrambled,D:\Experiments\fNIRSandGerbils\stim\s_longtest2\scrambled\23_scrambled.wav,b,3.412,5.743,9.065
longtest2,14,2023-04-23,14,2,unscrambled,D:\Experiments\fNIRSandGerbils\stim\s_longtest2\unscrambled\20_unscrambled.wav,b,3.325,7.745,9.065
longtest2,15,2023-04-23,15,1,scrambled,D:\Experiments\fNIRSandGerbils\stim\s_longtest2\scrambled\24_scrambled.wav,b,2.938,5.012,8.435
longtest2,16,2023-04-23,16,2,unscrambled,D:\Experiments\fNIRSandGerbils\stim\s_longtest2\unscrambled\21_unscrambled.wav,b,2.257,3.954,6.662
longtest2,17,2023-04-23,17,1,scrambled,D:\Experiments\fNIRSandGerbils\stim\s_longtest2\scrambled\25_scrambled.wav,b,1.617,4.714,8.431
longtest2,18,2023-04-23,18,2,unscrambled,D:\Experiments\fNIRSandGerbils\stim\s_longtest2\unscrambled\27_unscrambled.wav,b,1.691,4.25,8.202
longtest2,19,2023-04-23,19,1,scrambled,D:\Experiments\fNIRSandGerbils\stim\s_longtest2\scrambled\26_scrambled.wav,b,3.651,6.448,8.069
longtest2,20,2023-04-23,20,2,unscrambled,D:\Experiments\fNIRSandGerbils\stim\s_longtest2\unscrambled\28_unscrambled.wav,b,3.708,5.328,8.274
longtest2,21,2023-04-23,21,1,scrambled,D:\Experiments\fNIRSandGerbils\stim\s_longtest2\scrambled\29_scrambled.wav,b,1.763,6.88,8.656
longtest2,22,2023-04-23,22,2,unscrambled,D:\Experiments\fNIRSandGerbils\stim\s_longtest2\unscrambled\30_unscrambled.wav,b,2.464,4.618,6.463
longtest2,23,2023-04-23,23,1,scrambled,D:\Experiments\fNIRSandGerbils\stim\s_longtest2\scrambled\2_scrambled.wav,b,2.714,6.747,8.912
longtest2,24,2023-04-23,24,2,unscrambled,D:\Experiments\fNIRSandGerbils\stim\s_longtest2\unscrambled\32_unscrambled.wav,b,1.932,3.315,4.693,8.412
longtest2,25,2023-04-23,25,1,scrambled,D:\Experiments\fNIRSandGerbils\stim\s_longtest2\scrambled\31_scrambled.wav,b,4.893,6.278,7.976
longtest2,26,2023-04-23,26,2,unscrambled,D:\Experiments\fNIRSandGerbils\stim\s_longtest2\unscrambled\34_unscrambled.wav,b,3.95,4.965,6.658,8.913
longtest2,27,2023-04-23,27,1,scrambled,D:\Experiments\fNIRSandGerbils\stim\s_longtest2\scrambled\33_scrambled.wav,b,3.425,5.432,7.282
longtest2,28,2023-04-23,28,2,unscrambled,D:\Experiments\fNIRSandGerbils\stim\s_longtest2\unscrambled\36_unscrambled.wav,b,1.689,2.993,5.93,8.321
longtest2,29,2023-04-23,29,1,scrambled,D:\Experiments\fNIRSandGerbils\stim\s_longtest2\scrambled\35_scrambled.wav,b,2.396,4.814,6.209,7.445
longtest2,30,2023-04-23,30,2,unscrambled,D:\Experiments\fNIRSandGerbils\stim\s_longtest2\unscrambled\38_unscrambled.wav,b,3.089,4.495,7.043
longtest2,31,2023-04-23,31,1,scrambled,D:\Experiments\fNIRSandGerbils\stim\s_longtest2\scrambled\37_scrambled.wav,b,3.474,6.719,8.645
longtest2,32,2023-04-23,32,2,unscrambled,D:\Experiments\fNIRSandGerbils\stim\s_longtest2\unscrambled\3_unscrambled.wav,b,2.47,3.622,5.011
longtest2,33,2023-04-23,33,1,scrambled,D:\Experiments\fNIRSandGerbils\stim\s_longtest2\scrambled\39_scrambled.wav,b,3.407,5.496,8.666
longtest2,34,2023-04-23,34,2,unscrambled,D:\Experiments\fNIRSandGerbils\stim\s_longtest2\unscrambled\40_unscrambled.wav,b,2.711,4.558,5.318,9.04
longtest2,35,2023-04-23,35,1,scrambled,D:\Experiments\fNIRSandGerbils\stim\s_longtest2\scrambled\42_scrambled.wav,b,4.895,6.909,9.071
longtest2,36,2023-04-23,36,2,unscrambled,D:\Experiments\fNIRSandGerbils\stim\s_longtest2\unscrambled\41_unscrambled.wav,b,2.703,6.263,8.968
longtest2,37,2023-04-23,37,1,scrambled,D:\Experiments\fNIRSandGerbils\stim\s_longtest2\scrambled\43_scrambled.wav,b,2.314,4.008,5.94,7.557
longtest2,38,2023-04-23,38,2,unscrambled,D:\Experiments\fNIRSandGerbils\stim\s_longtest2\unscrambled\44_unscrambled.wav,b,2.242,5.197,7.202
longtest2,39,2023-04-23,39,1,scrambled,D:\Experiments\fNIRSandGerbils\stim\s_longtest2\scrambled\45_scrambled.wav,b,3.251,5.891,7.279,8.752
longtest2,40,2023-04-23,40,2,unscrambled,D:\Experiments\fNIRSandGerbils\stim\s_longtest2\unscrambled\46_unscrambled.wav,b,2.87,4.871,8.282
longtest2,41,2023-04-23,41,1,scrambled,D:\Experiments\fNIRSandGerbils\stim\s_longtest2\scrambled\47_scrambled.wav,b,2.237,3.705
longtest2,42,2023-04-23,42,2,unscrambled,D:\Experiments\fNIRSandGerbils\stim\s_longtest2\unscrambled\48_unscrambled.wav,b,2.942,4.792,6.33
longtest2,43,2023-04-23,43,1,scrambled,D:\Experiments\fNIRSandGerbils\stim\s_longtest2\scrambled\6_scrambled.wav,b,2.085,3.698,5.472,8.646
longtest2,44,2023-04-23,44,2,unscrambled,D:\Experiments\fNIRSandGerbils\stim\s_longtest2\unscrambled\4_unscrambled.wav,b,4.02,6.972,8.358
longtest2,45,2023-04-23,45,1,scrambled,D:\Experiments\fNIRSandGerbils\stim\s_longtest2\scrambled\7_scrambled.wav,b,2.314,4.968,6.901
longtest2,46,2023-04-23,46,2,unscrambled,D:\Experiments\fNIRSandGerbils\stim\s_longtest2\unscrambled\5_unscrambled.wav,b,2.7,4.468,6.407
longtest2,47,2023-04-23,47,1,scrambled,D:\Experiments\fNIRSandGerbils\stim\s_longtest2\scrambled\9_scrambled.wav,b,2.631,6.429,8.75
longtest2,48,2023-04-23,48,2,unscrambled,D:\Experiments\fNIRSandGerbils\stim\s_longtest2\unscrambled\8_unscrambled.wav,b,3.401,5.023,7.26,8.72
longtest3,1,2023-05-10,1,1,scrambled,D:\Experiments\fNIRSandGerbils\stim\s_longtest3\scrambled\10_scrambled.wav,b,4.156,5.378,7.428
longtest3,2,2023-05-10,2,2,unscrambled,D:\Experiments\fNIRSandGerbils\stim\s_longtest3\unscrambled\13_unscrambled.wav,b,4.317,6.929,8.849
longtest3,3,2023-05-10,3,1,scrambled,D:\Experiments\fNIRSandGerbils\stim\s_longtest3\scrambled\11_scrambled.wav,b,4.147,5.304,6.955
longtest3,4,2023-05-10,4,2,unscrambled,D:\Experiments\fNIRSandGerbils\stim\s_longtest3\unscrambled\17_unscrambled.wav,b,2.377,4.498,5.668
longtest3,5,2023-05-10,5,1,scrambled,D:\Experiments\fNIRSandGerbils\stim\s_longtest3\scrambled\12_scrambled.wav,l,2.971,4.017,7.399,9.209
longtest3,6,2023-05-10,6,2,unscrambled,D:\Experiments\fNIRSandGerbils\stim\s_longtest3\unscrambled\20_unscrambled.wav,l,1.589,3.931,6.292
longtest3,7,2023-05-10,7,1,scrambled,D:\Experiments\fNIRSandGerbils\stim\s_longtest3\scrambled\14_scrambled.wav,l,3.327,6.147,7.395,8.714
longtest3,8,2023-05-10,8,2,unscrambled,D:\Experiments\fNIRSandGerbils\stim\s_longtest3\unscrambled\22_unscrambled.wav,l,4.654,6.675
longtest3,9,2023-05-10,9,1,scrambled,D:\Experiments\fNIRSandGerbils\stim\s_longtest3\scrambled\15_scrambled.wav,l,4.089,6.041,7.531
longtest3,10,2023-05-10,10,2,unscrambled,D:\Experiments\fNIRSandGerbils\stim\s_longtest3\unscrambled\23_unscrambled.wav,l,2.067,4.149,8.42
longtest3,11,2023-05-10,11,1,scrambled,D:\Experiments\fNIRSandGerbils\stim\s_longtest3\scrambled\16_scrambled.wav,l,3.384,5.114,8.384
longtest3,12,2023-05-10,12,2,unscrambled,D:\Experiments\fNIRSandGerbils\stim\s_longtest3\unscrambled\26_unscrambled.wav,l,1.732,3.333,7.734
longtest3,13,2023-05-10,13,1,scrambled,D:\Experiments\fNIRSandGerbils\stim\s_longtest3\scrambled\18_scrambled.wav,l,2.071,4.152,7.052
longtest3,14,2023-05-10,14,2,unscrambled,D:\Experiments\fNIRSandGerbils\stim\s_longtest3\unscrambled\33_unscrambled.wav,l,3.403,4.713,9.094
longtest3,15,2023-05-10,15,1,scrambled,D:\Experiments\fNIRSandGerbils\stim\s_longtest3\scrambled\19_scrambled.wav,l,3.033,6.469,7.7
longtest3,16,2023-05-10,16,2,unscrambled,D:\Experiments\fNIRSandGerbils\stim\s_longtest3\unscrambled\35_unscrambled.wav,l,2.464,5.277,6.437,8.979
longtest3,17,2023-05-10,17,1,scrambled,D:\Experiments\fNIRSandGerbils\stim\s_longtest3\scrambled\1_scrambled.wav,l,2.649,4.329,8.333
longtest3,18,2023-05-10,18,2,unscrambled,D:\Experiments\fNIRSandGerbils\stim\s_longtest3\unscrambled\36_unscrambled.wav,l,3.0,5.593,7.604
longtest3,19,2023-05-10,19,1,scrambled,D:\Experiments\fNIRSandGerbils\stim\s_longtest3\scrambled\21_scrambled.wav,l,2.221,4.79,8.612
longtest3,20,2023-05-10,20,2,unscrambled,D:\Experiments\fNIRSandGerbils\stim\s_longtest3\unscrambled\38_unscrambled.wav,l,1.936,3.623,6.748,8.807
longtest3,21,2023-05-10,21,1,scrambled,D:\Experiments\fNIRSandGerbils\stim\s_longtest3\scrambled\24_scrambled.wav,l,2.069,4.939,6.939
longtest3,22,2023-05-10,22,2,unscrambled,D:\Experiments\fNIRSandGerbils\stim\s_longtest3\unscrambled\39_unscrambled.wav,l,2.036,4.976,8.627
longtest3,23,2023-05-10,23,1,scrambled,D:\Experiments\fNIRSandGerbils\stim\s_longtest3\scrambled\25_scrambled.wav,l,2.322,5.344,8.998
longtest3,24,2023-05-10,24,2,unscrambled,D:\Experiments\fNIRSandGerbils\stim\s_longtest3\unscrambled\3_unscrambled.wav,l,2.023,6.404,7.654
longtest3,25,2023-05-10,25,1,scrambled,D:\Experiments\fNIRSandGerbils\stim\s_longtest3\scrambled\27_scrambled.wav,l,2.926,4.376,6.927,8.648
longtest3,26,2023-05-10,26,2,unscrambled,D:\Experiments\fNIRSandGerbils\stim\s_longtest3\unscrambled\40_unscrambled.wav,l,4.323,7.3,8.639
longtest3,27,2023-05-10,27,1,scrambled,D:\Experiments\fNIRSandGerbils\stim\s_longtest3\scrambled\28_scrambled.wav,l,1.727,3.24,8.298
longtest3,28,2023-05-10,28,2,unscrambled,D:\Experiments\fNIRSandGerbils\stim\s_longtest3\unscrambled\41_unscrambled.wav,l,2.45,7.332,8.923
longtest3,29,2023-05-10,29,1,scrambled,D:\Experiments\fNIRSandGerbils\stim\s_longtest3\scrambled\29_scrambled.wav,l,2.988,4.29,7.406
longtest3,30,2023-05-10,30,2,unscrambled,D:\Experiments\fNIRSandGerbils\stim\s_longtest3\unscrambled\42_unscrambled.wav,l,2.067,4.918,7.289
longtest3,31,2023-05-10,31,1,scrambled,D:\Experiments\fNIRSandGerbils\stim\s_longtest3\scrambled\2_scrambled.wav,l,2.995,5.013,6.933
longtest3,32,2023-05-10,32,2,unscrambled,D:\Experiments\fNIRSandGerbils\stim\s_longtest3\unscrambled\44_unscrambled.wav,l,2.367,4.227,8.387
longtest3,33,2023-05-10,33,1,scrambled,D:\Experiments\fNIRSandGerbils\stim\s_longtest3\scrambled\30_scrambled.wav,l,2.076,3.605,7.446
longtest3,34,2023-05-10,34,2,unscrambled,D:\Experiments\fNIRSandGerbils\stim\s_longtest3\unscrambled\45_unscrambled.wav,l,2.566,4.657,7.997
longtest3,35,2023-05-10,35,1,scrambled,D:\Experiments\fNIRSandGerbils\stim\s_longtest3\scrambled\31_scrambled.wav,l,1.711,5.542,6.983
longtest3,36,2023-05-10,36,2,unscrambled,D:\Experiments\fNIRSandGerbils\stim\s_longtest3\unscrambled\46_unscrambled.wav,l,3.257,5.068,6.248
longtest3,37,2023-05-10,37,1,scrambled,D:\Experiments\fNIRSandGerbils\stim\s_longtest3\scrambled\32_scrambled.wav,l,2.56,4.588,5.959
longtest3,38,2023-05-10,38,2,unscrambled,D:\Experiments\fNIRSandGerbils\stim\s_longtest3\unscrambled\47_unscrambled.wav,l,2.418,4.14,5.935
longtest3,39,2023-05-10,39,1,scrambled,D:\Experiments\fNIRSandGerbils\stim\s_longtest3\scrambled\34_scrambled.wav,l,3.666,5.667,8.677
longtest3,40,2023-05-10,40,2,unscrambled,D:\Experiments\fNIRSandGerbils\stim\s_longtest3\unscrambled\48_unscrambled.wav,l,1.672,3.323,8.317
longtest3,41,2023-05-10,41,1,scrambled,D:\Experiments\fNIRSandGerbils\stim\s_longtest3\scrambled\37_scrambled.wav,l,2.979,5.039,6.698
longtest3,42,2023-05-10,42,2,unscrambled,D:\Experiments\fNIRSandGerbils\stim\s_longtest3\unscrambled\6_unscrambled.wav,l,5.706,7.015,8.603
longtest3,43,2023-05-10,43,1,scrambled,D:\Experiments\fNIRSandGerbils\stim\s_longtest3\scrambled\43_scrambled.wav,l,2.917,6.592,8.32
longtest3,44,2023-05-10,44,2,unscrambled,D:\Experiments\fNIRSandGerbils\stim\s_longtest3\unscrambled\7_unscrambled.wav,l,5.072,6.383,8.738
longtest3,45,2023-05-10,45,1,scrambled,D:\Experiments\fNIRSandGerbils\stim\s_longtest3\scrambled\4_scrambled.wav,l,5.307,7.228,8.978
longtest3,46,2023-05-10,46,2,unscrambled,D:\Experiments\fNIRSandGerbils\stim\s_longtest3\unscrambled\8_unscrambled.wav,l,1.728,3.94,8.262
longtest3,47,2023-05-10,47,1,scrambled,D:\Experiments\fNIRSandGerbils\stim\s_longtest3\scrambled\5_scrambled.wav,l,2.641,5.686,7.358
longtest3,48,2023-05-10,48,2,unscrambled,D:\Experiments\fNIRSandGerbils\stim\s_longtest3\unscrambled\9_unscrambled.wav,l,4.018,7.228,8.678
longtest4,1,2023-05-10,1,1,scrambled,D:\Experiments\fNIRSandGerbils\stim\s_longtest4\scrambled\11_scrambled.wav,b,3.188,6.598,8.27
longtest4,2,2023-05-10,2,2,unscrambled,D:\Experiments\fNIRSandGerbils\stim\s_longtest4\unscrambled\10_unscrambled.wav,b,3.678,4.337,5.663,7.304
longtest4,3,2023-05-10,3,1,scrambled,D:\Experiments\fNIRSandGerbils\stim\s_longtest4\scrambled\12_scrambled.wav,b,4.639,6.37,8.366
longtest4,4,2023-05-10,4,2,unscrambled,D:\Experiments\fNIRSandGerbils\stim\s_longtest4\unscrambled\14_unscrambled.wav,b,3.956,5.708,7.299
longtest4,5,2023-05-10,5,1,scrambled,D:\Experiments\fNIRSandGerbils\stim\s_longtest4\scrambled\13_scrambled.wav,b,2.429,4.31,6.719
longtest4,6,2023-05-10,6,2,unscrambled,D:\Experiments\fNIRSandGerbils\stim\s_longtest4\unscrambled\18_unscrambled.wav,b,1.696,4.911,8.871
longtest4,7,2023-05-10,7,1,scrambled,D:\Experiments\fNIRSandGerbils\stim\s_longtest4\scrambled\15_scrambled.wav,b,2.331,5.598,7.671
longtest4,8,2023-05-10,8,2,unscrambled,D:\Experiments\fNIRSandGerbils\stim\s_longtest4\unscrambled\22_unscrambled.wav,b,2.749,4.05,5.542,8.95
longtest4,9,2023-05-10,9,1,scrambled,D:\Experiments\fNIRSandGerbils\stim\s_longtest4\scrambled\16_scrambled.wav,b,2.289,4.939,7.277
longtest4,10,2023-05-10,10,2,unscrambled,D:\Experiments\fNIRSandGerbils\stim\s_longtest4\unscrambled\23_unscrambled.wav,b,1.652,2.903,5.945,8.38
longtest4,11,2023-05-10,11,1,scrambled,D:\Experiments\fNIRSandGerbils\stim\s_longtest4\scrambled\17_scrambled.wav,b,2.98,4.361,7.321
longtest4,12,2023-05-10,12,2,unscrambled,D:\Experiments\fNIRSandGerbils\stim\s_longtest4\unscrambled\24_unscrambled.wav,b,1.669,3.24,5.325
longtest4,13,2023-05-10,13,1,scrambled,D:\Experiments\fNIRSandGerbils\stim\s_longtest4\scrambled\19_scrambled.wav,b,2.723,5.283,7.658
longtest4,14,2023-05-10,14,2,unscrambled,D:\Experiments\fNIRSandGerbils\stim\s_longtest4\unscrambled\26_unscrambled.wav,b,2.968,4.559,7.271,8.647
longtest4,15,2023-05-10,15,1,scrambled,D:\Experiments\fNIRSandGerbils\stim\s_longtest4\scrambled\1_scrambled.wav,b,5.656,6.978,8.789
longtest4,16,2023-05-10,16,2,unscrambled,D:\Experiments\fNIRSandGerbils\stim\s_longtest4\unscrambled\27_unscrambled.wav,b,1.669,3.607,5.327,8.611
longtest4,17,2023-05-10,17,1,scrambled,D:\Experiments\fNIRSandGerbils\stim\s_longtest4\scrambled\20_scrambled.wav,b,4.019,6.619,8.419
longtest4,18,2023-05-10,18,2,unscrambled,D:\Experiments\fNIRSandGerbils\stim\s_longtest4\unscrambled\28_unscrambled.wav,b,2.638,4.697,7.628,9.018
longtest4,19,2023-05-10,19,1,scrambled,D:\Experiments\fNIRSandGerbils\stim\s_longtest4\scrambled\21_scrambled.wav,b,2.327,4.406,7.957
longtest4,20,2023-05-10,20,2,unscrambled,D:\Experiments\fNIRSandGerbils\stim\s_longtest4\unscrambled\29_unscrambled.wav,b,3.575,5.655,6.966
longtest4,21,2023-05-10,21,1,scrambled,D:\Experiments\fNIRSandGerbils\stim\s_longtest4\scrambled\25_scrambled.wav,b,3.004,5.625,8.344
longtest4,22,2023-05-10,22,2,unscrambled,D:\Experiments\fNIRSandGerbils\stim\s_longtest4\unscrambled\2_unscrambled.wav,b,2.696,6.649,8.999
longtest4,23,2023-05-10,23,1,scrambled,D:\Experiments\fNIRSandGerbils\stim\s_longtest4\scrambled\32_scrambled.wav,b,3.022,4.952,8.614
longtest4,24,2023-05-10,24,2,unscrambled,D:\Experiments\fNIRSandGerbils\stim\s_longtest4\unscrambled\30_unscrambled.wav,b,1.929,4.223,5.602
longtest4,25,2023-05-10,25,1,scrambled,D:\Experiments\fNIRSandGerbils\stim\s_longtest4\scrambled\33_scrambled.wav,b,1.955,5.597,8.928
longtest4,26,2023-05-10,26,2,unscrambled,D:\Experiments\fNIRSandGerbils\stim\s_longtest4\unscrambled\31_unscrambled.wav,b,3.348,5.339,6.65
longtest4,27,2023-05-10,27,1,scrambled,D:\Experiments\fNIRSandGerbils\stim\s_longtest4\scrambled\34_scrambled.wav,b,4.634,6.677,8.617
longtest4,28,2023-05-10,28,2,unscrambled,D:\Experiments\fNIRSandGerbils\stim\s_longtest4\unscrambled\35_unscrambled.wav,b,2.271,5.689,7.98,10.49
longtest4,29,2023-05-10,29,1,scrambled,D:\Experiments\fNIRSandGerbils\stim\s_longtest4\scrambled\38_scrambled.wav,b,3.931,6.184,7.934
longtest4,30,2023-05-10,30,2,unscrambled,D:\Experiments\fNIRSandGerbils\stim\s_longtest4\unscrambled\36_unscrambled.wav,b,3.883,5.342,7.493
longtest4,31,2023-05-10,31,1,scrambled,D:\Experiments\fNIRSandGerbils\stim\s_longtest4\scrambled\39_scrambled.wav,b,2.697,5.09,7.555
longtest4,32,2023-05-10,32,2,unscrambled,D:\Experiments\fNIRSandGerbils\stim\s_longtest4\unscrambled\37_unscrambled.wav,b,1.737,3.948,6.23
longtest4,33,2023-05-10,33,1,scrambled,D:\Experiments\fNIRSandGerbils\stim\s_longtest4\scrambled\43_scrambled.wav,b,3.179,5.034,6.311,8.321
longtest4,34,2023-05-10,34,2,unscrambled,D:\Experiments\fNIRSandGerbils\stim\s_longtest4\unscrambled\3_unscrambled.wav,b,1.667,3.269,5.081,8.954
longtest4,35,2023-05-10,35,1,scrambled,D:\Experiments\fNIRSandGerbils\stim\s_longtest4\scrambled\45_scrambled.wav,b,3.754,6.587,8.318
longtest4,36,2023-05-10,36,2,unscrambled,D:\Experiments\fNIRSandGerbils\stim\s_longtest4\unscrambled\40_unscrambled.wav,b,2.64,5.557,8.568
longtest4,37,2023-05-10,37,1,scrambled,D:\Experiments\fNIRSandGerbils\stim\s_longtest4\scrambled\48_scrambled.wav,b,2.463,7.231,9.438
longtest4,38,2023-05-10,38,2,unscrambled,D:\Experiments\fNIRSandGerbils\stim\s_longtest4\unscrambled\41_unscrambled.wav,b,2.943,5.015,6.976,10.591
longtest4,39,2023-05-10,39,1,scrambled,D:\Experiments\fNIRSandGerbils\stim\s_longtest4\scrambled\4_scrambled.wav,b,2.911,6.632,7.948
longtest4,40,2023-05-10,40,2,unscrambled,D:\Experiments\fNIRSandGerbils\stim\s_longtest4\unscrambled\42_unscrambled.wav,b,1.939,3.88,5.342,6.934
longtest4,41,2023-05-10,41,1,scrambled,D:\Experiments\fNIRSandGerbils\stim\s_longtest4\scrambled\5_scrambled.wav,b,1.64,3.03,6.339,8.2
longtest4,42,2023-05-10,42,2,unscrambled,D:\Experiments\fNIRSandGerbils\stim\s_longtest4\unscrambled\44_unscrambled.wav,b,3.207,3.887,5.968,7.95
longtest4,43,2023-05-10,43,1,scrambled,D:\Experiments\fNIRSandGerbils\stim\s_longtest4\scrambled\6_scrambled.wav,b,5.012,6.283,7.993
longtest4,44,2023-05-10,44,2,unscrambled,D:\Experiments\fNIRSandGerbils\stim\s_longtest4\unscrambled\46_unscrambled.wav,b,3.575,5.306,7.306
longtest4,45,2023-05-10,45,1,scrambled,D:\Experiments\fNIRSandGerbils\stim\s_longtest4\scrambled\7_scrambled.wav,b,3.617,5.961,8.951
longtest4,46,2023-05-10,46,2,unscrambled,D:\Experiments\fNIRSandGerbils\stim\s_longtest4\unscrambled\47_unscrambled.wav,b,1.878,3.993,5.638,7.598
longtest4,47,2023-05-10,47,1,scrambled,D:\Experiments\fNIRSandGerbils\stim\s_longtest4\scrambled\9_scrambled.wav,b,4.029,5.61,8.939
longtest4,48,2023-05-10,48,2,unscrambled,D:\Experiments\fNIRSandGerbils\stim\s_longtest4\unscrambled\8_unscrambled.wav,b,3.27,5.87,8.23,8.927
longtest5,1,2023-05-10,1,1,scrambled,D:\Experiments\fNIRSandGerbils\stim\s_longtest5\scrambled\10_scrambled.wav,b,2.992,4.557,8.908
longtest5,2,2023-05-10,2,2,unscrambled,D:\Experiments\fNIRSandGerbils\stim\s_longtest5\unscrambled\12_unscrambled.wav,b,3.628,5.088,7.717,9.107
longtest5,3,2023-05-10,3,1,scrambled,D:\Experiments\fNIRSandGerbils\stim\s_longtest5\scrambled\11_scrambled.wav,b,3.264,5.954,7.595,8.977
longtest5,4,2023-05-10,4,2,unscrambled,D:\Experiments\fNIRSandGerbils\stim\s_longtest5\unscrambled\13_unscrambled.wav,b,2.4,3.651,5.953,8.673
longtest5,5,2023-05-10,5,1,scrambled,D:\Experiments\fNIRSandGerbils\stim\s_longtest5\scrambled\14_scrambled.wav,b,1.589,3.949,6.608,8.968
longtest5,6,2023-05-10,6,2,unscrambled,D:\Experiments\fNIRSandGerbils\stim\s_longtest5\unscrambled\16_unscrambled.wav,b,5.608,7.701
longtest5,7,2023-05-10,7,1,scrambled,D:\Experiments\fNIRSandGerbils\stim\s_longtest5\scrambled\15_scrambled.wav,b,3.356,5.277,7.628
longtest5,8,2023-05-10,8,2,unscrambled,D:\Experiments\fNIRSandGerbils\stim\s_longtest5\unscrambled\18_unscrambled.wav,b,4.294,5.686,7.127,9.007
longtest5,9,2023-05-10,9,1,scrambled,D:\Experiments\fNIRSandGerbils\stim\s_longtest5\scrambled\17_scrambled.wav,b,1.945,7.207,8.649
longtest5,10,2023-05-10,10,2,unscrambled,D:\Experiments\fNIRSandGerbils\stim\s_longtest5\unscrambled\1_unscrambled.wav,b,1.63,4.251,5.639
longtest5,11,2023-05-10,11,1,scrambled,D:\Experiments\fNIRSandGerbils\stim\s_longtest5\scrambled\19_scrambled.wav,b,2.419,4.009,8.251
longtest5,12,2023-05-10,12,2,unscrambled,D:\Experiments\fNIRSandGerbils\stim\s_longtest5\unscrambled\20_unscrambled.wav,b,2.919,4.36,7.316
longtest5,13,2023-05-10,13,1,scrambled,D:\Experiments\fNIRSandGerbils\stim\s_longtest5\scrambled\21_scrambled.wav,b,2.712,5.654,7.254
longtest5,14,2023-05-10,14,2,unscrambled,D:\Experiments\fNIRSandGerbils\stim\s_longtest5\unscrambled\22_unscrambled.wav,b,1.699,2.45,4.381,5.692,7.353
longtest5,15,2023-05-10,15,1,scrambled,D:\Experiments\fNIRSandGerbils\stim\s_longtest5\scrambled\23_scrambled.wav,b,5.204,7.243,8.614
longtest5,16,2023-05-10,16,2,unscrambled,D:\Experiments\fNIRSandGerbils\stim\s_longtest5\unscrambled\26_unscrambled.wav,b,3.327,5.629,8.922
longtest5,17,2023-05-10,17,1,scrambled,D:\Experiments\fNIRSandGerbils\stim\s_longtest5\scrambled\24_scrambled.wav,b,2.138,4.289,7.61
longtest5,18,2023-05-10,18,2,unscrambled,D:\Experiments\fNIRSandGerbils\stim\s_longtest5\unscrambled\27_unscrambled.wav,b,3.64,5.04,7.941,10.312
longtest5,19,2023-05-10,19,1,scrambled,D:\Experiments\fNIRSandGerbils\stim\s_longtest5\scrambled\25_scrambled.wav,b,2.269,4.273,6.944
longtest5,20,2023-05-10,20,2,unscrambled,D:\Experiments\fNIRSandGerbils\stim\s_longtest5\unscrambled\28_unscrambled.wav,b,2.159,5.602,7.682
longtest5,21,2023-05-10,21,1,scrambled,D:\Experiments\fNIRSandGerbils\stim\s_longtest5\scrambled\29_scrambled.wav,b,3.69,8.087,8.778
longtest5,22,2023-05-10,22,2,unscrambled,D:\Experiments\fNIRSandGerbils\stim\s_longtest5\unscrambled\2_unscrambled.wav,b,4.0,5.321,8.239
longtest5,23,2023-05-10,23,1,scrambled,D:\Experiments\fNIRSandGerbils\stim\s_longtest5\scrambled\30_scrambled.wav,b,1.721,3.638,5.009,7.668
longtest5,24,2023-05-10,24,2,unscrambled,D:\Experiments\fNIRSandGerbils\stim\s_longtest5\unscrambled\32_unscrambled.wav,b,2.367,3.886,5.976,7.366
longtest5,25,2023-05-10,25,1,scrambled,D:\Experiments\fNIRSandGerbils\stim\s_longtest5\scrambled\31_scrambled.wav,b,3.958,6.29,8.972
longtest5,26,2023-05-10,26,2,unscrambled,D:\Experiments\fNIRSandGerbils\stim\s_longtest5\unscrambled\33_unscrambled.wav,b,1.918,4.329
longtest5,27,2023-05-10,27,1,scrambled,D:\Experiments\fNIRSandGerbils\stim\s_longtest5\scrambled\34_scrambled.wav,b,2.966,5.875,7.315
longtest5,28,2023-05-10,28,2,unscrambled,D:\Experiments\fNIRSandGerbils\stim\s_longtest5\unscrambled\39_unscrambled.wav,b,2.628,3.97,5.995
longtest5,29,2023-05-10,29,1,scrambled,D:\Experiments\fNIRSandGerbils\stim\s_longtest5\scrambled\35_scrambled.wav,b,3.599,4.959,7.642,8.963
longtest5,30,2023-05-10,30,2,unscrambled,D:\Experiments\fNIRSandGerbils\stim\s_longtest5\unscrambled\42_unscrambled.wav,b,1.911,3.585,5.563
longtest5,31,2023-05-10,31,1,scrambled,D:\Experiments\fNIRSandGerbils\stim\s_longtest5\scrambled\36_scrambled.wav,b,1.59,6.62,8.261
longtest5,32,2023-05-10,32,2,unscrambled,D:\Experiments\fNIRSandGerbils\stim\s_longtest5\unscrambled\44_unscrambled.wav,b,3.618,4.949,8.043
longtest5,33,2023-05-10,33,1,scrambled,D:\Experiments\fNIRSandGerbils\stim\s_longtest5\scrambled\37_scrambled.wav,b,2.282,7.134,8.585
longtest5,34,2023-05-10,34,2,unscrambled,D:\Experiments\fNIRSandGerbils\stim\s_longtest5\unscrambled\46_unscrambled.wav,b,2.237,3.958,6.59,8.665
longtest5,35,2023-05-10,35,1,scrambled,D:\Experiments\fNIRSandGerbils\stim\s_longtest5\scrambled\38_scrambled.wav,b,1.939,3.939,5.324
longtest5,36,2023-05-10,36,2,unscrambled,D:\Experiments\fNIRSandGerbils\stim\s_longtest5\unscrambled\47_unscrambled.wav,b,2.288,4.288,7.89
longtest5,37,2023-05-10,37,1,scrambled,D:\Experiments\fNIRSandGerbils\stim\s_longtest5\scrambled\3_scrambled.wav,b,2.24,4.196,5.929
longtest5,38,2023-05-10,38,2,unscrambled,D:\Experiments\fNIRSandGerbils\stim\s_longtest5\unscrambled\4_unscrambled.wav,b,1.878,3.329,6.62,7.3
longtest5,39,2023-05-10,39,1,scrambled,D:\Experiments\fNIRSandGerbils\stim\s_longtest5\scrambled\40_scrambled.wav,b,1.636,6.249,7.619
longtest5,40,2023-05-10,40,2,unscrambled,D:\Experiments\fNIRSandGerbils\stim\s_longtest5\unscrambled\5_unscrambled.wav,b,4.282,6.282,8.416
longtest5,41,2023-05-10,41,1,scrambled,D:\Experiments\fNIRSandGerbils\stim\s_longtest5\scrambled\41_scrambled.wav,b,2.898,5.666,8.232
longtest5,42,2023-05-10,42,2,unscrambled,D:\Experiments\fNIRSandGerbils\stim\s_longtest5\unscrambled\6_unscrambled.wav,b,1.91,4.841,8.384
longtest5,43,2023-05-10,43,1,scrambled,D:\Experiments\fNIRSandGerbils\stim\s_longtest5\scrambled\43_scrambled.wav,b,2.68,2.739,4.935,6.606
longtest5,44,2023-05-10,44,2,unscrambled,D:\Experiments\fNIRSandGerbils\stim\s_longtest5\unscrambled\7_unscrambled.wav,b,2.06,5.191,7.911
longtest5,45,2023-05-10,45,1,scrambled,D:\Experiments\fNIRSandGerbils\stim\s_longtest5\scrambled\45_scrambled.wav,b,3.215,8.279
longtest5,46,2023-05-10,46,2,unscrambled,D:\Experiments\fNIRSandGerbils\stim\s_longtest5\unscrambled\8_unscrambled.wav,b,2.22,5.842,7.923
longtest5,47,2023-05-10,47,1,scrambled,D:\Experiments\fNIRSandGerbils\stim\s_longtest5\scrambled\48_scrambled.wav,b,2.223,2.352,5.197,7.198
longtest5,48,2023-05-10,48,2,unscrambled,D:\Experiments\fNIRSandGerbils\stim\s_longtest5\unscrambled\9_unscrambled.wav,b,3.236,4.536,7.216
triggertest2,1,2023-05-31,1,1,scrambled,D:\Experiments\fNIRSandGerbils\stim\s_triggertest2\scrambled\1_scrambled.wav,b,
nooverlappilot1,1,2023-05-31,1,1,scrambled,D:\Experiments\fNIRSandGerbils\stim\s_nooverlappilot1\scrambled\10_scrambled.wav,b,3.247,3.783,5.018,8.035,12.544
nooverlappilot1,2,2023-05-31,2,2,unscrambled,D:\Experiments\fNIRSandGerbils\stim\s_nooverlappilot1\unscrambled\11_unscrambled.wav,b,3.414,5.494,9.918,12.0
nooverlappilot1,3,2023-05-31,3,1,scrambled,D:\Experiments\fNIRSandGerbils\stim\s_nooverlappilot1\scrambled\14_scrambled.wav,b,3.584,8.476,11.11
nooverlappilot1,4,2023-05-31,4,2,unscrambled,D:\Experiments\fNIRSandGerbils\stim\s_nooverlappilot1\unscrambled\12_unscrambled.wav,b,4.037,6.516,8.604
nooverlappilot1,5,2023-05-31,5,1,scrambled,D:\Experiments\fNIRSandGerbils\stim\s_nooverlappilot1\scrambled\16_scrambled.wav,b,5.12,9.531,13.087
nooverlappilot1,6,2023-05-31,6,2,unscrambled,D:\Experiments\fNIRSandGerbils\stim\s_nooverlappilot1\unscrambled\13_unscrambled.wav,b,2.166,5.573,8.065,11.097
nooverlappilot1,7,2023-05-31,7,1,scrambled,D:\Experiments\fNIRSandGerbils\stim\s_nooverlappilot1\scrambled\18_scrambled.wav,b,2.102,4.578,7.069
nooverlappilot1,8,2023-05-31,8,2,unscrambled,D:\Experiments\fNIRSandGerbils\stim\s_nooverlappilot1\unscrambled\15_unscrambled.wav,b,2.087,4.033,9.159
nooverlappilot1,9,2023-05-31,9,1,scrambled,D:\Experiments\fNIRSandGerbils\stim\s_nooverlappilot1\scrambled\1_scrambled.wav,b,2.574,4.652,8.08
nooverlappilot1,10,2023-05-31,10,2,unscrambled,D:\Experiments\fNIRSandGerbils\stim\s_nooverlappilot1\unscrambled\17_unscrambled.wav,b,3.653,7.064,11.648
nooverlappilot1,11,2023-05-31,11,1,scrambled,D:\Experiments\fNIRSandGerbils\stim\s_nooverlappilot1\scrambled\21_scrambled.wav,b,3.556,7.584,12.636
nooverlappilot1,12,2023-05-31,12,2,unscrambled,D:\Experiments\fNIRSandGerbils\stim\s_nooverlappilot1\unscrambled\19_unscrambled.wav,b,2.091,4.018,10.642
nooverlappilot1,13,2023-05-31,13,1,scrambled,D:\Experiments\fNIRSandGerbils\stim\s_nooverlappilot1\scrambled\24_scrambled.wav,b,2.477,10.177,13.046
nooverlappilot1,14,2023-05-31,14,2,unscrambled,D:\Experiments\fNIRSandGerbils\stim\s_nooverlappilot1\unscrambled\20_unscrambled.wav,b,4.189,6.039,8.521
nooverlappilot1,15,2023-05-31,15,1,scrambled,D:\Experiments\fNIRSandGerbils\stim\s_nooverlappilot1\scrambled\26_scrambled.wav,b,3.973,8.794,11.207
nooverlappilot1,16,2023-05-31,16,2,unscrambled,D:\Experiments\fNIRSandGerbils\stim\s_nooverlappilot1\unscrambled\22_unscrambled.wav,b,6.626,9.102,12.68
nooverlappilot1,17,2023-05-31,17,1,scrambled,D:\Experiments\fNIRSandGerbils\stim\s_nooverlappilot1\scrambled\28_scrambled.wav,b,2.16,4.557,8.528
nooverlappilot1,18,2023-05-31,18,2,unscrambled,D:\Experiments\fNIRSandGerbils\stim\s_nooverlappilot1\unscrambled\23_unscrambled.wav,b,8.329,10.566,13.043
nooverlappilot1,19,2023-05-31,19,1,scrambled,D:\Experiments\fNIRSandGerbils\stim\s_nooverlappilot1\scrambled\2_scrambled.wav,b,3.492,6.582,9.056
nooverlappilot1,20,2023-05-31,20,2,unscrambled,D:\Experiments\fNIRSandGerbils\stim\s_nooverlappilot1\unscrambled\25_unscrambled.wav,b,3.027,5.119,7.6
nooverlappilot1,21,2023-05-31,21,1,scrambled,D:\Experiments\fNIRSandGerbils\stim\s_nooverlappilot1\scrambled\30_scrambled.wav,b,3.486,6.422,12.483
nooverlappilot1,22,2023-05-31,22,2,unscrambled,D:\Experiments\fNIRSandGerbils\stim\s_nooverlappilot1\unscrambled\27_unscrambled.wav,b,2.179,8.488,10.575
nooverlappilot1,23,2023-05-31,23,1,scrambled,D:\Experiments\fNIRSandGerbils\stim\s_nooverlappilot1\scrambled\32_scrambled.wav,b,2.636,5.982,9.559,12.655
nooverlappilot1,24,2023-05-31,24,2,unscrambled,D:\Experiments\fNIRSandGerbils\stim\s_nooverlappilot1\unscrambled\29_unscrambled.wav,b,3.959,8.918,11.781,14.958
nooverlappilot1,25,2023-05-31,25,1,scrambled,D:\Experiments\fNIRSandGerbils\stim\s_nooverlappilot1\scrambled\33_scrambled.wav,b,6.603,9.546,12.028
nooverlappilot1,26,2023-05-31,26,2,unscrambled,D:\Experiments\fNIRSandGerbils\stim\s_nooverlappilot1\unscrambled\31_unscrambled.wav,b,6.507,8.835,12.012,13.634
nooverlappilot1,27,2023-05-31,27,1,scrambled,D:\Experiments\fNIRSandGerbils\stim\s_nooverlappilot1\scrambled\35_scrambled.wav,b,2.715,6.599,8.627
nooverlappilot1,28,2023-05-31,28,2,unscrambled,D:\Experiments\fNIRSandGerbils\stim\s_nooverlappilot1\unscrambled\34_unscrambled.wav,b,6.99,9.019,11.183
nooverlappilot1,29,2023-05-31,29,1,scrambled,D:\Experiments\fNIRSandGerbils\stim\s_nooverlappilot1\scrambled\37_scrambled.wav,b,4.576,7.45,11.094
nooverlappilot1,30,2023-05-31,30,2,unscrambled,D:\Experiments\fNIRSandGerbils\stim\s_nooverlappilot1\unscrambled\36_unscrambled.wav,b,4.507,6.534,10.97
nooverlappilot1,31,2023-05-31,31,1,scrambled,D:\Experiments\fNIRSandGerbils\stim\s_nooverlappilot1\scrambled\38_scrambled.wav,b,3.648,7.996,13.049
nooverlappilot1,32,2023-05-31,32,2,unscrambled,D:\Experiments\fNIRSandGerbils\stim\s_nooverlappilot1\unscrambled\39_unscrambled.wav,b,2.083,4.486,11.799
nooverlappilot1,33,2023-05-31,33,1,scrambled,D:\Experiments\fNIRSandGerbils\stim\s_nooverlappilot1\scrambled\3_scrambled.wav,b,2.547,4.964,10.012,11.944
nooverlappilot1,34,2023-05-31,34,2,unscrambled,D:\Experiments\fNIRSandGerbils\stim\s_nooverlappilot1\unscrambled\40_unscrambled.wav,b,2.553,5.03,7.421,13.162
nooverlappilot1,35,2023-05-31,35,1,scrambled,D:\Experiments\fNIRSandGerbils\stim\s_nooverlappilot1\scrambled\41_scrambled.wav,b,5.14,7.085,10.105
nooverlappilot1,36,2023-05-31,36,2,unscrambled,D:\Experiments\fNIRSandGerbils\stim\s_nooverlappilot1\unscrambled\42_unscrambled.wav,b,2.008,4.484,8.596
nooverlappilot1,37,2023-05-31,37,1,scrambled,D:\Experiments\fNIRSandGerbils\stim\s_nooverlappilot1\scrambled\45_scrambled.wav,b,6.059,10.482,12.573
nooverlappilot1,38,2023-05-31,38,2,unscrambled,D:\Experiments\fNIRSandGerbils\stim\s_nooverlappilot1\unscrambled\43_unscrambled.wav,b,4.899,7.447,11.559
nooverlappilot1,39,2023-05-31,39,1,scrambled,D:\Experiments\fNIRSandGerbils\stim\s_nooverlappilot1\scrambled\4_scrambled.wav,b,5.149,7.546,10.95
nooverlappilot1,40,2023-05-31,40,2,unscrambled,D:\Experiments\fNIRSandGerbils\stim\s_nooverlappilot1\unscrambled\44_unscrambled.wav,b,4.572,8.218,10.611
nooverlappilot1,41,2023-05-31,41,1,scrambled,D:\Experiments\fNIRSandGerbils\stim\s_nooverlappilot1\scrambled\5_scrambled.wav,b,4.096,7.581,10.529
nooverlappilot1,42,2023-05-31,42,2,unscrambled,D:\Experiments\fNIRSandGerbils\stim\s_nooverlappilot1\unscrambled\46_unscrambled.wav,b,2.631,8.774,10.702
nooverlappilot1,43,2023-05-31,43,1,scrambled,D:\Experiments\fNIRSandGerbils\stim\s_nooverlappilot1\scrambled\6_scrambled.wav,b,2.71,7.609,12.184
nooverlappilot1,44,2023-05-31,44,2,unscrambled,D:\Experiments\fNIRSandGerbils\stim\s_nooverlappilot1\unscrambled\47_unscrambled.wav,b,3.019,6.115,9.525
nooverlappilot1,45,2023-05-31,45,1,scrambled,D:\Experiments\fNIRSandGerbils\stim\s_nooverlappilot1\scrambled\7_scrambled.wav,b,5.12,8.08,10.581,13.064
nooverlappilot1,46,2023-05-31,46,2,unscrambled,D:\Experiments\fNIRSandGerbils\stim\s_nooverlappilot1\unscrambled\48_unscrambled.wav,b,4.121,9.017,13.058
nooverlappilot1,47,2023-05-31,47,1,scrambled,D:\Experiments\fNIRSandGerbils\stim\s_nooverlappilot1\scrambled\8_scrambled.wav,b,4.679,6.468,12.533
nooverlappilot1,48,2023-05-31,48,2,unscrambled,D:\Experiments\fNIRSandGerbils\stim\s_nooverlappilot1\unscrambled\9_unscrambled.wav,b,3.093,8.217,10.149
